Aadorf,8355,TG,47.49108,8.90319
Aarau,5000,AG,47.39517,8.05444
Aarau Rohr,5032,AG,47.401,8.08072
Aarberg,3270,BE,47.04499,7.2758
Aarburg,4663,AG,47.32143,7.90427
Aarwangen,4912,BE,47.23739,7.77454
Aathal-Seegräben,8607,ZH,47.33586,8.76582
Abländschen,1657,BE,46.57255,7.28902
Abtwil AG,5646,AG,47.17499,8.35547
Abtwil SG,9030,SG,47.42427,9.32095
Achseten,3725,BE,46.52762,7.59426
Aclens,1123,VD,46.56744,6.5121
Acquarossa,6716,TI,46.45602,8.93734
Adelboden,3715,BE,46.49103,7.56301
Adetswil,8345,ZH,47.33911,8.8415
Adligenswil,6043,LU,47.07038,8.36485
Adlikon b. Andelfingen,8452,ZH,47.57686,8.70498
Adliswil,8134,ZH,47.31293,8.52566
Aedermannsdorf,4714,SO,47.3058,7.60879
Aefligen,3426,BE,47.09474,7.55705
Aegerten,2558,BE,47.12029,7.28902
Aesch (Neftenbach),8412,ZH,47.54151,8.6791
Aesch BL,4147,BL,47.47105,7.59626
Aesch LU,6287,LU,47.25738,8.24042
Aesch ZH,8904,ZH,47.33676,8.44028
Aeschau,3536,BE,46.90437,7.7741
Aeschi SO,4556,SO,47.17924,7.6618
Aeschi b. Spiez,3703,BE,46.65539,7.70004
Aetingen,4587,SO,47.13245,7.50509
Aettenschwil,5645,AG,47.1838,8.37164
Aeugst am Albis,8914,ZH,47.26849,8.48553
Affeltrangen,9556,TG,47.52673,9.03201
Affoltern am Albis,8910,ZH,47.27832,8.4528
Affoltern im Emmental,3416,BE,47.06571,7.73082
Agarn,3951,VS,46.29539,7.66609
Agarone,6597,TI,46.17915,8.90731
Agiez,1352,VD,46.71956,6.50815
Agno,6982,TI,46.00055,8.90024
Agra,6927,TI,45.97002,8.91399
Aigle,1860,VD,46.31639,6.96472
Aire-la-Ville,1288,GE,46.18935,6.04323
Airolo,6780,TI,46.52788,8.61417
Alberswil,6248,LU,47.1505,8.00145
Albeuve,1669,FR,46.51617,7.05465
Albinen,3955,VS,46.34084,7.63286
Albligen,3183,BE,46.85245,7.31921
Alchenstorf,3473,BE,47.12391,7.63709
Aldesago,6974,TI,46.00842,8.9788
Algetshausen,9249,SG,47.44691,9.10795
Allaman,1165,VD,46.47022,6.39444
Alle,2942,JU,47.42563,7.129
Allenwinden,6319,ZG,47.16586,8.5535
Allerheiligenberg,4615,SO,47.35209,7.81553
Allmendingen b. Bern,3112,BE,46.91554,7.52092
Allschwil,4123,BL,47.55172,7.54649
Almens,7416,GR,46.73709,9.45613
Alpnach Dorf,6055,OW,46.93688,8.26264
Alpnachstad,6053,OW,46.96581,8.28786
Alpthal,8849,SZ,47.05579,8.70919
Alt St. Johann,9656,SG,47.19024,9.27318
Altbüron,6147,LU,47.18346,7.88211
Altdorf SH,8243,SH,47.7847,8.65866
Altdorf UR,6460,UR,46.87909,8.63955
Alten,8453,ZH,47.59907,8.64613
Altendorf,8852,SZ,47.18901,8.82586
Altenrhein,9423,SG,47.4907,9.55518
Alterswil FR,1715,FR,46.79451,7.26441
Altikon,8479,ZH,47.57329,8.78231
Altishofen,6246,LU,47.2015,7.96532
Altnau,8595,TG,47.61262,9.26067
Altstätten SG,9450,SG,47.37722,9.54462
Altwis,6286,LU,47.23841,8.2519
Alvaneu Bad,7473,GR,46.66966,9.6488
Alvaneu Dorf,7492,GR,46.67905,9.6459
Alvaschein,7451,GR,46.67534,9.55069
Ambrì,6775,TI,46.50925,8.69604
Amden,8873,SG,47.1494,9.15273
Amlikon-Bissegg,8514,TG,47.5632,9.04506
Amriswil,8580,TG,47.54697,9.29739
Amsoldingen,3633,BE,46.72813,7.58333
Amsteg,6474,UR,46.7721,8.67036
Andeer,7440,GR,46.60133,9.42523
Andelfingen,8450,ZH,47.5932,8.67731
Andermatt,6490,UR,46.63551,8.59633
Andiast,7159,GR,46.78683,9.11211
Andwil SG,9204,SG,47.4391,9.27288
Anglikon,5611,AG,47.36492,8.26378
Anières,1247,GE,46.27891,6.22729
Anwil,4469,BL,47.45127,7.93966
Anzonico,6748,TI,46.43118,8.86294
Anzère,1972,VS,46.29777,7.4026
Appenzell,9050,AI,47.33128,9.40576
Apples,1143,VD,46.55342,6.43124
Aquila,6719,TI,46.50469,8.94471
Aranno,6994,TI,46.01701,8.87103
Arbaz,1974,VS,46.27715,7.38497
Arbedo,6517,TI,46.21443,9.04641
Arboldswil,4424,BL,47.41518,7.71713
Arbon,9320,TG,47.51347,9.42511
Arcegno,6618,TI,46.16224,8.74219
Arch,3296,BE,47.1663,7.42878
Arconciel,1732,FR,46.74395,7.12376
Ardez,7546,GR,46.77592,10.19956
Ardon,1957,VS,46.20964,7.2594
Areuse,2015,NE,46.95415,6.85471
Arisdorf,4422,BL,47.5108,7.76559
Aristau,5628,AG,47.28902,8.36185
Arlesheim,4144,BL,47.4959,7.61832
Arnegg,9212,SG,47.44163,9.25563
Arnex-sur-Orbe,1321,VD,46.69335,6.51885
Arni BE,3508,BE,46.93578,7.65726
Arogno,6822,TI,45.95755,8.98628
Arolla,1986,VS,46.0331,7.48247
Arosa,7050,GR,46.7805,9.67696
Arth,6415,SZ,47.06456,8.52564
Arvigo,6543,GR,46.30083,9.11152
Arzier-Le Muids,1273,VD,46.45609,6.20957
Arzo,6864,TI,45.87539,8.94059
Ascharina,7245,GR,46.95777,9.80911
Ascona,6612,TI,46.15606,8.7734
Asp,5025,AG,47.44309,8.0504
Assens,1042,VD,46.61251,6.62362
Astano,6999,TI,46.0124,8.81557
Asuel,2954,JU,47.39918,7.20516
Athenaz (Avusy),1285,GE,46.14866,6.00432
Attalens,1616,FR,46.50898,6.85103
Attelwil,5056,AG,47.26007,8.04269
Attikon,8544,ZH,47.53627,8.79703
Attinghausen,6468,UR,46.86229,8.62687
Attiswil,4536,BE,47.2484,7.61146
Au SG,9434,SG,47.43232,9.63478
Au ZH,8804,ZH,47.24291,8.64703
Aubonne,1170,VD,46.49345,6.38966
Auenstein,5105,AG,47.41698,8.13725
Augst BL,4302,BL,47.53408,7.71811
Aumont,1484,FR,46.79925,6.85045
Auslikon,8331,ZH,47.34459,8.80823
Ausserberg,3938,VS,46.31429,7.8514
Ausserferrera,7444,GR,46.55872,9.44372
Auswil,4944,BE,47.13566,7.83332
Autavaux,1475,FR,46.86406,6.87946
Autigny,1742,FR,46.73764,7.02088
Auvernier,2012,NE,46.97718,6.8777
Auw,5644,AG,47.21118,8.36543
Avegno,6670,TI,46.20535,8.74711
Avenches,1580,VD,46.88099,7.04075
Avers,7447,GR,46.46539,9.51742
Avry-devant-Pont,1644,FR,46.68651,7.08684
Avully,1237,GE,46.16862,5.99653
Azmoos,9478,SG,47.07981,9.47478
Baar,6340,ZG,47.19484,8.52668
Bachenbülach,8184,ZH,47.50448,8.54772
Bachs,8164,ZH,47.52528,8.43724
Bad Ragaz,7310,SG,47.00704,9.50135
Bad Zurzach,5330,AG,47.58707,8.29372
Baden,5400,AG,47.4651,8.28932
Baldegg,6283,LU,47.18494,8.28065
Baldingen,5333,AG,47.55533,8.31645
Balerna,6828,TI,45.8469,9.0058
Balgach,9436,SG,47.40505,9.60606
Ballaigues,1338,VD,46.73039,6.41387
Ballens,1144,VD,46.55362,6.37454
Ballwil,6275,LU,47.15234,8.32335
Balm b. Günsberg,4525,SO,47.25216,7.55583
Balsthal,4710,SO,47.31508,7.69374
Balterswil,8362,TG,47.45464,8.9362
Baltschieder,3937,VS,46.30692,7.86406
Balzers,9496,,47.06512,9.5026
Bannwil,4913,BE,47.23987,7.73498
Barbengo,6917,TI,45.96098,8.91667
Bargen BE,3282,BE,47.03883,7.26177
Bargen SH,8233,SH,47.79225,8.60862
Barmelweid,5017,AG,47.42163,7.97157
Barzheim,8241,SH,47.76017,8.72093
Basadingen,8254,TG,47.66899,8.74712
Basel,4001,BS,47.55554,7.58746
Basse-Nendaz,1996,VS,46.19099,7.31096
Bassecourt,2854,JU,47.33769,7.24285
Bassersdorf,8303,ZH,47.44301,8.62955
Bassins,1269,VD,46.46752,6.22932
Bauen,6466,UR,46.93121,8.57681
Baulmes,1446,VD,46.78999,6.52205
Bauma,8494,ZH,47.36832,8.87902
Bavois,1372,VD,46.68319,6.56628
Bazenheid,9602,SG,47.41192,9.06535
Beatenberg,3803,BE,46.69676,7.79666
Beckenried,6375,NW,46.96577,8.46951
Bedano,6930,TI,46.05136,8.92022
Beggingen,8228,SH,47.76614,8.5355
Begnins,1268,VD,46.44175,6.24758
Beinwil (Freiamt),5637,AG,47.22921,8.34234
Beinwil SO,4229,SO,47.36013,7.59781
Beinwil am See,5712,AG,47.26591,8.20295
Belfaux,1782,FR,46.82119,7.10163
Bellach,4512,SO,47.21367,7.49919
Bellelay,2713,BE,47.26289,7.165
Bellevue,1293,GE,46.25535,6.14595
Bellikon,5454,AG,47.39011,8.34607
Bellinzona,6500,TI,46.20094,9.02243
Bellmund,2564,BE,47.10558,7.24724
Bellwald,3997,VS,46.42757,8.16011
Belmont-sur-Lausanne,1092,VD,46.52203,6.68173
Belmont-sur-Yverdon,1432,VD,46.74487,6.62417
Belp,3123,BE,46.89194,7.50183
Belpberg,3124,BE,46.8674,7.5253
Belprahon,2744,BE,47.28293,7.40544
Benglen,8121,ZH,47.35977,8.63515
Benken SG,8717,SG,47.19504,9.00615
Benken ZH,8463,ZH,47.65362,8.65419
Bennau,8836,SZ,47.14857,8.72618
Bennwil,4431,BL,47.40378,7.78099
Benzenschwil,5636,AG,47.2483,8.36614
Bercher,1038,VD,46.69123,6.70823
Berg SG,9305,SG,47.48685,9.40807
Berg TG,8572,TG,47.5789,9.16855
Berg am Irchel,8415,ZH,47.56958,8.59586
Bergdietikon,8962,AG,47.39285,8.38455
Bergün/Bravuogn,7482,GR,46.62867,9.75126
Berikon,8965,AG,47.3542,8.37035
Beringen,8222,SH,47.69797,8.57955
Berlingen,8267,TG,47.67278,9.02357
Bern,3004,BE,46.94736,7.42456
Berneck,9442,SG,47.42542,9.6143
Bernex,1233,GE,46.17222,6.07204
Bernhardzell,9304,SG,47.46892,9.34041
Berolle,1149,VD,46.55933,6.33735
Beromünster,6215,LU,47.20584,8.19429
Berschis,8892,SG,47.10678,9.34542
Bertschikon,8543,ZH,47.526,8.83148
Bertschikon (Gossau ZH),8614,ZH,47.32156,8.75803
Besazio,6863,TI,45.87247,8.95209
Besenbüren,5627,AG,47.31262,8.34406
Betten,3991,VS,46.37753,8.06883
Bettenhausen,3366,BE,47.17317,7.71315
Bettingen,4126,BS,47.57028,7.66583
Bettlach,2544,SO,47.20216,7.42193
Bettmeralp,3992,VS,46.38943,8.06255
Bettwiesen,9553,TG,47.49697,9.02416
Bettwil,5618,AG,47.28943,8.26688
Beurnevésin,2935,JU,47.49251,7.13775
Bevaix,2022,NE,46.92959,6.81438
Bever,7502,GR,46.55231,9.88858
Bex,1880,VD,46.24899,7.01422
Biasca,6710,TI,46.36084,8.97089
Biberist,4562,SO,47.18251,7.55966
Bibern SH,8242,SH,47.773,8.67807
Bibern SO,4578,SO,47.14599,7.45586
Biberstein,5023,AG,47.41486,8.08307
Bichelsee,8363,TG,47.44939,8.9223
Bichwil,9248,SG,47.42038,9.13535
Bidogno,6958,TI,46.0794,8.99938
Biel VS,3989,VS,46.45563,8.21722
Biel-Benken BL,4105,BL,47.50734,7.5234
Biel/Bienne,2502,BE,47.13843,7.24918
Biembach im Emmental,3419,BE,46.99887,7.62503
Biezwil,4585,SO,47.11414,7.41734
Bigenthal,3513,BE,46.97021,7.62932
Biglen,3507,BE,46.9271,7.62746
Bignasco,6676,TI,46.33928,8.61137
Billens,1681,FR,46.68988,6.89772
Bilten,8865,GL,47.15046,9.02303
Binn,3996,VS,46.36533,8.19175
Binningen,4102,BL,47.53766,7.56841
Binz,8122,ZH,47.35754,8.62606
Bioggio,6934,TI,46.01448,8.9083
Birmensdorf ZH,8903,ZH,47.35532,8.44306
Birmenstorf AG,5413,AG,47.46091,8.25124
Bironico,6804,TI,46.11504,8.9347
Birrhard,5244,AG,47.43462,8.24459
Birrwil,5708,AG,47.28978,8.19711
Birsfelden,4127,BL,47.55217,7.62691
Bischofszell,9220,TG,47.49422,9.24127
Bissone,6816,TI,45.9521,8.96646
Bitsch,3982,VS,46.33783,8.01338
Bivio,7457,GR,46.46757,9.6511
Bière,1145,VD,46.53604,6.33499
Blankenburg,3771,BE,46.5426,7.38932
Blatten (Lötschen),3919,VS,46.41984,7.81638
Blatten b. Naters,3914,VS,46.36061,7.98145
Blauen,4223,BL,47.44985,7.51905
Blausee-Mitholz,3717,BE,46.52556,7.67289
Bleienbach,3368,BE,47.18421,7.75631
Bleiken b. Oberdiessbach,3674,BE,46.8156,7.63781
Blonay,1807,VD,46.46653,6.89467
Blumenstein,3638,BE,46.74024,7.52048
Bodio TI,6743,TI,46.37898,8.91279
Bofflens,1353,VD,46.70436,6.49874
Boll,3067,BE,46.95538,7.5464
Bolligen,3065,BE,46.97625,7.49834
Bollingen,8715,SG,47.22048,8.89109
Boltigen,3766,BE,46.61325,7.37533
Bonaduz,7402,GR,46.81137,9.39757
Boncourt,2926,JU,47.49477,7.01266
Bonfol,2944,JU,47.47769,7.15158
Boningen,4618,SO,47.30723,7.85453
Boniswil,5706,AG,47.31534,8.18733
Bonstetten,8906,ZH,47.31978,8.47045
Bonvillars,1427,VD,46.83847,6.67092
Boppelsen,8113,ZH,47.47061,8.40302
Borex,1277,VD,46.38052,6.17699
Borgnone,6658,TI,46.1621,8.61529
Borgonovo,7604,GR,46.34764,9.60397
Bosco Luganese,6935,TI,46.02562,8.90875
Bosco/Gurin,6685,TI,46.31733,8.49046
Bossonnens,1615,FR,46.52556,6.85111
Boswil,5623,AG,47.30025,8.31407
Bottenwil,4814,AG,47.28573,8.00597
Botterens,1652,FR,46.61827,7.11346
Bottighofen,8598,TG,47.63687,9.20847
Bottmingen,4103,BL,47.52337,7.5721
Boudevilliers,2043,NE,47.03081,6.88514
Boudry,2017,NE,46.95262,6.83303
Bougy-Villars,1172,VD,46.48004,6.35491
Bourg-St-Pierre,1946,VS,45.94974,7.20894
Bourguillon,1722,FR,46.80031,7.17483
Bournens,1035,VD,46.60393,6.56277
Bourrignon,2803,JU,47.39596,7.24657
Boussens,1034,VD,46.60325,6.5844
Bouveret,1897,VS,46.38325,6.86102
Boveresse,2113,NE,46.91683,6.59965
Bovernier,1932,VS,46.07608,7.08228
Bowil,3533,BE,46.89628,7.69806
Boécourt,2856,JU,47.35017,7.21414
Braggio,6544,GR,46.30245,9.1242
Brail,7527,GR,46.65492,10.03284
Bramboden,6167,LU,46.9812,7.98259
Bramois,1967,VS,46.2322,7.40201
Braunau,9502,TG,47.50311,9.07021
Braunwald,8784,GL,46.94269,8.99758
Breganzona,6932,TI,46.00703,8.92906
Breil/Brigels,7165,GR,46.77031,9.06175
Breitenbach,4226,SO,47.40666,7.54714
Bremblens,1121,VD,46.54578,6.5173
Bremgarten AG,5620,AG,47.35024,8.34248
Bremgarten b. Bern,3047,BE,46.97645,7.4349
Brenles,1683,VD,46.67148,6.85397
Breno,6937,TI,46.03282,8.87064
Brent,1817,VD,46.45476,6.90323
Brenzikofen,3671,BE,46.81471,7.61462
Bressaucourt,2904,JU,47.38809,7.0368
Bretonnières,1329,VD,46.71308,6.47299
Bretzwil,4207,BL,47.39854,7.65109
Brienz BE,3855,BE,46.7051,8.03088
Brienz/Brinzauls GR,7084,GR,46.66965,9.59
Brienzwiler,3856,BE,46.7516,8.10083
Brig,3900,VS,46.31649,7.9928
Brione (Verzasca),6634,TI,46.2948,8.78929
Brione sopra Minusio,6645,TI,46.18585,8.81812
Brislach,4225,BL,47.41963,7.54211
Brissago,6614,TI,46.11824,8.70454
Bristen,6475,UR,46.76931,8.70968
Brittnau,4805,AG,47.26229,7.94484
Broc,1636,FR,46.60486,7.10119
Broglio,6693,TI,46.38024,8.65865
Bronschhofen,9552,SG,47.47826,9.03351
Brot-Plamboz,2318,NE,46.97963,6.75048
Bruderholz,4101,BL,47.52837,7.58156
Brugg AG,5200,AG,47.48501,8.20821
Brunegg,5505,AG,47.41859,8.21718
Brunnadern,9125,SG,47.33057,9.13699
Brunnen,6440,SZ,46.99979,8.60719
Brunnenthal,3307,SO,47.08665,7.46818
Brusino Arsizio,6827,TI,45.92257,8.93739
Brusio,7743,GR,46.2617,10.12281
Brè sopra Lugano,6979,TI,46.01172,8.99717
Brügg BE,2555,BE,47.1246,7.27454
Brügglen,4582,SO,47.14265,7.49723
Brülisau,9058,AI,47.29967,9.46156
Brünisried,1719,FR,46.75604,7.27949
Brüttelen,3237,BE,47.02224,7.14707
Brütten,8311,ZH,47.47278,8.6765
Brüttisellen,8306,ZH,47.42333,8.63111
Bubendorf,4416,BL,47.45045,7.73833
Bubikon,8608,ZH,47.26891,8.81751
Buch SH,8263,SH,47.71744,8.78346
Buch am Irchel,8414,ZH,47.55134,8.62071
Buchberg,8454,SH,47.57312,8.56054
Buchen im Prättigau,7223,GR,46.94067,9.7186
Buchillon,1164,VD,46.46979,6.41892
Buchrain,6033,LU,47.09688,8.35057
Buchs AG,5033,AG,47.38975,8.07472
Buchs SG,9470,SG,47.16147,9.47602
Buchs ZH,8107,ZH,47.4571,8.43766
Buckten,4446,BL,47.40964,7.84392
Buix,2925,JU,47.48092,7.03019
Bulle,1630,FR,46.62054,7.05661
Bullet,1453,VD,46.83151,6.55413
Buochs,6374,NW,46.97363,8.42118
Bure,2915,JU,47.44171,7.00702
Burg AG,5736,AG,47.23612,8.17981
Burg im Leimental,4117,BL,47.45798,7.43959
Burgdorf,3400,BE,47.05738,7.61977
Burgistein,3664,BE,46.7912,7.50557
Bursins,1183,VD,46.45232,6.28919
Buseno,6542,GR,46.26957,9.10418
Bussigny,1030,VD,46.5517,6.55512
Bussnang,9565,TG,47.55785,9.08078
Busswil BE,3292,BE,47.10023,7.32403
Busswil TG,8371,TG,47.45258,9.01432
Bussy FR,1541,FR,46.83582,6.8864
Bussy-Chardonney,1136,VD,46.52978,6.4425
Bussy-sur-Moudon,1514,VD,46.68598,6.80987
Buttes,2115,NE,46.88821,6.55138
Buttikon SZ,8863,SZ,47.17422,8.95106
Buttisholz,6018,LU,47.11389,8.0933
Buttwil,5632,AG,47.2677,8.31121
Buus,4463,BL,47.50601,7.86406
Bäch SZ,8806,SZ,47.2045,8.7348
Bärau,3552,BE,46.93342,7.81284
Bäretswil,8344,ZH,47.33675,8.85769
Bäriswil BE,3323,BE,47.01964,7.52818
Bärschwil,4252,SO,47.38618,7.47205
Bätterkinden,3315,BE,47.13122,7.53807
Bôle,2014,NE,46.96736,6.84036
Böbikon,5334,AG,47.55419,8.33253
Böckten,4461,BL,47.46477,7.8365
Bönigen b. Interlaken,3806,BE,46.68603,7.89567
Bösingen,3178,FR,46.89384,7.23096
Böttstein,5315,AG,47.555,8.22198
Bözen,5076,AG,47.49577,8.08416
Büetigen,3263,BE,47.10513,7.34104
Bühler,9055,AR,47.37472,9.42038
Bülach,8180,ZH,47.52002,8.54065
Bünzen,5624,AG,47.31064,8.32551
Bürchen,3935,VS,46.27709,7.82308
Büren NW,6382,NW,46.93957,8.39794
Büren SO,4413,SO,47.44963,7.67195
Büren an der Aare,3294,BE,47.1402,7.37268
Büren zum Hof,3313,BE,47.09488,7.5144
Bürglen TG,8575,TG,47.55088,9.15315
Bürglen UR,6463,UR,46.87759,8.67338
Büron,6233,LU,47.21187,8.09529
Büsserach,4227,SO,47.39369,7.54208
Bütschwil,9606,SG,47.3596,9.0721
Büttenhardt,8236,SH,47.75603,8.65281
Büttikon AG,5619,AG,47.32838,8.27025
Bützberg,4922,BE,47.21556,7.74565
Cademario,6936,TI,46.02093,8.8943
Cadenazzo,6593,TI,46.15065,8.94917
Cadro,6965,TI,46.04567,8.98623
Cagiallo,6955,TI,46.06667,8.97315
Cama,6557,GR,46.27423,9.17126
Camedo,6659,TI,46.15534,8.60914
Camignolo,6803,TI,46.10628,8.93627
Camischolas,7187,GR,46.68,8.76414
Camorino,6528,TI,46.16289,9.00425
Campascio,7748,GR,46.24436,10.12849
Campo (Blenio),6720,TI,46.55728,8.93055
Campo (Vallemaggia),6684,TI,46.28847,8.50513
Campocologno,7744,GR,46.23291,10.14211
Camuns,7113,GR,46.70332,9.1972
Caneggio,6837,TI,45.87204,9.03134
Canobbio,6952,TI,46.03491,8.96631
Capolago,6825,TI,45.90362,8.97953
Carabbia,6913,TI,45.9718,8.937
Carabietta,6919,TI,45.96858,8.89972
Carena,6584,TI,46.16853,9.09028
Carona,6914,TI,45.95742,8.93665
Carouge GE,1227,GE,46.18264,6.14064
Carrouge VD,1084,VD,46.60331,6.77321
Cartigny,1236,GE,46.17394,6.02216
Casaccia,7602,GR,46.38814,9.66495
Caslano,6987,TI,45.97328,8.87877
Cassina d'Agno,6990,TI,45.99219,8.89214
Castagnola,6976,TI,46.00176,8.97951
Castaneda,6540,GR,46.25769,9.13994
Castasegna,7608,GR,46.33442,9.51692
Castel San Pietro,6874,TI,45.86153,9.00708
Castelrotto,6980,TI,45.99466,8.8382
Castiel,7027,GR,46.84049,9.60486
Castione,6532,TI,46.22633,9.04567
Castrisch,7126,GR,46.77561,9.23147
Cauco,6546,GR,46.33358,9.12166
Caux,1824,VD,46.4352,6.94725
Cavardiras,7182,GR,46.70737,8.88492
Cavergno,6690,TI,46.35868,8.58346
Caviano,6578,TI,46.106,8.76457
Cavigliano,6654,TI,46.18455,8.71966
Cazis,7408,GR,46.72665,9.42881
Celerina/Schlarigna,7505,GR,46.51233,9.8579
Cerentino,6683,TI,46.30681,8.54476
Cerniat FR,1654,FR,46.64256,7.17066
Cernier,2053,NE,47.05924,6.90133
Cevio,6675,TI,46.31322,8.60288
Chabrey,1589,VD,46.92614,6.98014
Chailly-Montreux,1816,VD,46.45314,6.89192
Chalais,3966,VS,46.26582,7.51249
Cham,6330,ZG,47.18524,8.45894
Chamby,1832,VD,46.45393,6.91218
Chambésy,1292,GE,46.24412,6.14048
Chamoson,1955,VS,46.20163,7.22342
Champ-du-Moulin,2149,NE,46.96001,6.77327
Champagne,1424,VD,46.83203,6.65751
Champex-Lac,1938,VS,46.03032,7.11331
Champfèr,7512,GR,46.47705,9.8107
Champtauroz,1537,VD,46.76049,6.78917
Champvent,1443,VD,46.78285,6.57243
Champéry,1874,VS,46.17573,6.86832
Chancy,1284,GE,46.1495,5.97336
Chanéaz,1409,VD,46.72921,6.74287
Chapelle-sur-Moudon,1063,VD,46.66955,6.73623
Chardonne,1803,VD,46.47762,6.82929
Charmey (Gruyère),1637,FR,46.62091,7.16726
Charmoille,2947,JU,47.42291,7.20718
Charrat,1906,VS,46.12364,7.13322
Chaumont,2067,NE,47.02787,6.9582
Chavannes-de-Bogis,1279,VD,46.34267,6.16279
Chavannes-le-Chêne,1464,VD,46.77661,6.77866
Chavannes-les-Forts,1676,FR,46.65186,6.89622
Chavannes-près-Renens,1022,VD,46.53186,6.5752
Chavannes-sur-Moudon,1512,VD,46.65673,6.80972
Chavornay,1373,VD,46.70604,6.57087
Cheiry,1529,FR,46.7507,6.83675
Chemin,1927,VS,46.08938,7.09874
Chermignon,3971,VS,46.28867,7.4748
Chernex,1822,VD,46.44406,6.91217
Cheseaux-sur-Lausanne,1033,VD,46.58535,6.60514
Chesières,1885,VD,46.30246,7.04406
Chessel,1846,VD,46.35018,6.8945
Chevenez,2906,JU,47.3928,6.99979
Chevilly,1316,VD,46.64276,6.47652
Chevroux,1545,VD,46.88958,6.90435
Chexbres,1071,VD,46.48223,6.77875
Cheyres,1468,FR,46.81817,6.78845
Chez-le-Bart,2025,NE,46.90595,6.78988
Chiasso,6830,TI,45.8351,9.02684
Chiggiogna,6764,TI,46.46824,8.82064
Chippis,3965,VS,46.27952,7.53979
Chironico,6747,TI,46.42238,8.83656
Choulex,1244,GE,46.2252,6.22189
Choëx,1871,VS,46.24121,6.94964
Chur,7000,GR,46.85654,9.52931
Churwalden,7075,GR,46.78194,9.5426
Châbles FR,1474,FR,46.8226,6.80712
Château-d'Oex,1660,VD,46.47503,7.13629
Châtel-St-Denis,1618,FR,46.5272,6.90374
Châtillon JU,2843,JU,47.32841,7.3441
Châtonnaye,1553,FR,46.75285,6.93839
Chénens,1744,FR,46.74336,6.99999
Chéserex,1275,VD,46.40016,6.17333
Chézard-St-Martin,2054,NE,47.06435,6.91863
Chêne-Bougeries,1224,GE,46.19982,6.18573
Chêne-Bourg,1225,GE,46.19741,6.19794
Cinuos-chel,7526,GR,46.64118,10.02324
Clarens,1815,VD,46.44444,6.89385
Clarmont,1127,VD,46.54693,6.44968
Claro,6702,TI,46.25509,9.02449
Clugin,7442,GR,46.61581,9.42397
Coeuve,2932,JU,47.45149,7.099
Coffrane,2207,NE,47.00926,6.86079
Cointrin,1216,GE,46.22429,6.10634
Coldrerio,6877,TI,45.85499,8.98781
Collex,1239,GE,46.27199,6.12256
Collombey,1868,VS,46.27335,6.94779
Collonge-Bellerive,1245,GE,46.25778,6.20321
Collonges,1903,VS,46.17252,7.03471
Cologny,1223,GE,46.21809,6.18728
Colombier NE,2013,NE,46.96738,6.85967
Colombier VD,1114,VD,46.55645,6.47296
Comano,6949,TI,46.0363,8.95527
Combremont-le-Grand,1535,VD,46.76181,6.81881
Combremont-le-Petit,1536,VD,46.74894,6.80831
Commugny,1291,VD,46.3217,6.17636
Conches,1231,GE,46.18743,6.17597
Concise,1426,VD,46.8531,6.72067
Confignon,1232,GE,46.17631,6.08576
Conters im Prättigau,7241,GR,46.90228,9.7965
Conthey,1964,VS,46.22659,7.30443
Contone,6594,TI,46.15009,8.92585
Contra,6646,TI,46.18771,8.84038
Coppet,1296,VD,46.32151,6.18957
Corban,2826,JU,47.34717,7.47553
Corbeyrier,1856,VD,46.34948,6.96364
Corbières,1647,FR,46.65912,7.10533
Corcelles BE,2747,BE,47.28617,7.45656
Corcelles NE,2035,NE,46.98526,6.87362
Corcelles-le-Jorat,1082,VD,46.60645,6.73895
Corcelles-près-Payerne,1562,VD,46.83134,6.96062
Corcelles-sur-Chavornay,1374,VD,46.70339,6.59957
Cordast,1792,FR,46.87461,7.15177
Corgémont,2606,BE,47.19404,7.14159
Corippo,6631,TI,46.23585,8.83804
Corminboeuf,1720,FR,46.81079,7.10535
Cormondrèche,2036,NE,46.98102,6.86708
Cormoret,2612,BE,47.17286,7.05255
Cornaux NE,2087,NE,47.03775,7.01934
Cornol,2952,JU,47.40722,7.16292
Corpataux,1727,FR,46.74259,7.09512
Corseaux,1802,VD,46.47084,6.82879
Corserey,1747,FR,46.77251,6.99362
Corsier GE,1246,GE,46.26341,6.22139
Corsier-sur-Vevey,1804,VD,46.47173,6.8444
Cortaillod,2016,NE,46.94513,6.8478
Corteglia,6873,TI,45.86131,8.99533
Cortébert,2607,BE,47.19014,7.10693
Corzoneso,6722,TI,46.44614,8.93691
Cossonay-Ville,1304,VD,46.61281,6.50632
Cottens FR,1741,FR,46.75349,7.03501
Cottens VD,1116,VD,46.57217,6.45456
Courcelon,2823,JU,47.36248,7.3918
Courchapoix,2825,JU,47.34933,7.45437
Courchavon,2922,JU,47.43967,7.05272
Courfaivre,2853,JU,47.33425,7.28302
Courgenay,2950,JU,47.40485,7.12292
Courgevaux,1796,FR,46.91023,7.11056
Courlevon,1795,FR,46.89146,7.11092
Courrendlin,2830,JU,47.33851,7.37302
Courroux,2822,JU,47.35967,7.37665
Court,2738,BE,47.24105,7.33811
Courtaman,1791,FR,46.86965,7.13019
Courtedoux,2905,JU,47.40784,7.04068
Courtelary,2608,BE,47.17876,7.07095
Courtemaîche,2923,JU,47.45789,7.04769
Courtepin,1784,FR,46.86263,7.12592
Courtételle,2852,JU,47.34079,7.31774
Cousset,1774,FR,46.81774,6.97741
Couvet,2108,NE,46.92474,6.63166
Crans VD,1299,VD,46.36107,6.21107
Crans-Montana,3963,VS,46.3109,7.48442
Crassier,1263,VD,46.37399,6.16589
Cresciano,6705,TI,46.28529,9.00514
Cressier FR,1785,FR,46.89965,7.14254
Cressier NE,2088,NE,47.04961,7.03467
Crissier,1023,VD,46.55346,6.57752
Cronay,1406,VD,46.75663,6.69708
Croy,1322,VD,46.69423,6.47695
Crémines,2746,BE,47.28381,7.44019
Cuarny,1404,VD,46.77036,6.68914
Cudrefin,1588,VD,46.95381,7.02227
Cugnasco,6516,TI,46.17608,8.91769
Cugy FR,1482,FR,46.81393,6.89019
Cugy VD,1053,VD,46.58454,6.64157
Cully,1096,VD,46.48932,6.72819
Cumbel,7142,GR,46.72541,9.19052
Cumpadials,7176,GR,46.71992,8.92037
Cunter,7452,GR,46.60769,9.59218
Curaglia,7184,GR,46.67349,8.8584
Cureglia,6944,TI,46.03674,8.94486
Curtilles,1521,VD,46.69956,6.84902
Céligny,1298,GE,46.34976,6.19901
Dachsen,8447,ZH,47.66569,8.61715
Dagmersellen,6252,LU,47.21477,7.98733
Daillens,1306,VD,46.62098,6.54893
Daiwil,6126,LU,47.09149,8.01325
Dallenwil,6383,NW,46.92837,8.38948
Dalpe,6774,TI,46.47597,8.77589
Damvant,2914,JU,47.37197,6.89647
Dangio,6717,TI,46.49462,8.95326
Danis,7163,GR,46.75511,9.05469
Dardin,7164,GR,46.75701,9.04197
Davesco-Soragno,6964,TI,46.03526,8.98028
Davos Clavadel,7272,GR,46.75762,9.82939
Davos Dorf,7260,GR,46.80568,9.84656
Davos Frauenkirch,7276,GR,46.76455,9.79211
Davos Glaris,7277,GR,46.74478,9.78238
Davos Monstein,7278,GR,46.71196,9.77327
Davos Platz,7270,GR,46.79364,9.82228
Davos Wiesen,7494,GR,46.70453,9.71311
Davos Wolfgang,7265,GR,46.83523,9.8604
Degen,7145,GR,46.70769,9.16863
Degersheim,9113,SG,47.37444,9.19897
Deitingen,4543,SO,47.21516,7.6196
Delley,1567,FR,46.91198,6.96771
Delémont,2800,JU,47.36624,7.34749
Denens,1135,VD,46.51816,6.45498
Densbüren,5026,AG,47.4547,8.05595
Derendingen,4552,SO,47.19647,7.5876
Detligen,3036,BE,46.99865,7.26945
Develier,2802,JU,47.35848,7.29525
Dicken,9115,SG,47.3375,9.19223
Diegten,4457,BL,47.41001,7.8103
Dielsdorf,8157,ZH,47.47995,8.45348
Diemtigen,3754,BE,46.64895,7.56511
Diepflingen,4442,BL,47.44671,7.83824
Diepoldsau,9444,SG,47.38545,9.65686
Dierikon,6036,LU,47.09457,8.36795
Diesbach GL,8777,GL,46.95149,9.03144
Diessbach b. Büren,3264,BE,47.10798,7.36054
Diesse,2517,BE,47.11345,7.11661
Diessenhofen,8253,TG,47.68715,8.75095
Dieterswil,3256,BE,47.05421,7.42772
Dietfurt,9615,SG,47.34241,9.07778
Dietikon,8953,ZH,47.40201,8.39926
Dietlikon,8305,ZH,47.4223,8.61653
Dietwil,6042,AG,47.1483,8.39154
Dinhard,8474,ZH,47.55911,8.76517
Dino,6967,TI,46.05293,8.98295
Dintikon,5606,AG,47.3643,8.22736
Disentis/Mustér,7180,GR,46.70421,8.85241
Dittingen,4243,BL,47.43767,7.50077
Domat/Ems,7013,GR,46.83287,9.45079
Dombresson,2056,NE,47.0716,6.95632
Domdidier,1564,FR,46.86485,7.01492
Dompierre FR,1563,FR,46.85201,6.98964
Donat,7433,GR,46.62968,9.42797
Dongio,6715,TI,46.43927,8.95397
Donneloye,1407,VD,46.74478,6.71572
Doppleschwand,6112,LU,47.01764,8.05399
Dorf,8458,ZH,47.57196,8.64714
Dornach,4143,SO,47.48024,7.6168
Dorénaz,1905,VS,46.14897,7.04462
Dottikon,5605,AG,47.37886,8.2405
Dotzigen,3293,BE,47.11944,7.34081
Dozwil,8582,TG,47.57632,9.31958
Dreien,9612,SG,47.3628,9.01148
Duggingen,4202,BL,47.4525,7.60652
Duillier,1266,VD,46.41041,6.23559
Dulliken,4657,SO,47.35067,7.94226
Dussnang,8374,TG,47.43064,8.95739
Duvin,7112,GR,46.71504,9.21377
Dällikon,8108,ZH,47.43908,8.44059
Däniken SO,4658,SO,47.35305,7.98257
Dänikon ZH,8114,ZH,47.44556,8.40787
Därligen,3707,BE,46.66111,7.80646
Därstetten,3763,BE,46.65956,7.49916
Dättlikon,8421,ZH,47.52535,8.62268
Dörflingen,8239,SH,47.70753,8.72168
Döttingen,5312,AG,47.56941,8.2597
Dübendorf,8600,ZH,47.3972,8.62064
Düdingen,3186,FR,46.84791,7.19161
Dürnten,8635,ZH,47.2778,8.85507
Dürrenroth,3465,BE,47.08631,7.78941
Dürrenäsch,5724,AG,47.32123,8.15746
Ebersecken,6245,LU,47.18186,7.93843
Ebertswil,8925,ZH,47.22662,8.55042
Ebikon,6030,LU,47.08007,8.34205
Ebmatingen,8123,ZH,47.3509,8.64037
Ebnat-Kappel,9642,SG,47.26173,9.12761
Ebnet,6163,LU,47.02146,8.07804
Echallens,1040,VD,46.64103,6.6348
Echarlens,1646,FR,46.64664,7.07504
Echichens,1112,VD,46.5279,6.49813
Eclépens,1312,VD,46.65174,6.53276
Ecoteaux,1612,VD,46.54651,6.86064
Ecublens VD,1024,VD,46.52498,6.55987
Ecuvillens,1730,FR,46.75616,7.08321
Ederswiler,2813,JU,47.4257,7.3341
Effingen,5078,AG,47.4889,8.10372
Effretikon,8307,ZH,47.42726,8.6897
Egerkingen,4622,SO,47.32156,7.79558
Egg (Flawil),9231,SG,47.39175,9.22349
Egg SZ,8847,SZ,47.15961,8.77818
Egg b. Zürich,8132,ZH,47.29829,8.69023
Eggenwil,5445,AG,47.36933,8.34098
Eggerberg,3939,VS,46.30818,7.88265
Eggersriet,9034,SG,47.44203,9.46925
Eggiwil,3537,BE,46.87067,7.79725
Eglisau,8193,ZH,47.57556,8.52279
Egliswil,5704,AG,47.34945,8.18695
Egnach,9322,TG,47.54408,9.38021
Egolzwil,6243,LU,47.18527,8.00692
Ehrendingen,5420,AG,47.49788,8.34384
Eich,6205,LU,47.15627,8.16795
Eichberg,9453,SG,47.34287,9.52551
Eigenthal,6013,LU,47.0058,8.21796
Eiken,5074,AG,47.53459,7.98769
Einigen,3646,BE,46.71033,7.6424
Einsiedeln,8840,SZ,47.13031,8.7463
Eischoll,3943,VS,46.29171,7.77723
Elfingen,5077,AG,47.50696,8.0991
Elgg,8353,ZH,47.49437,8.86674
Ellikon am Rhein,8464,ZH,47.60492,8.59808
Ellikon an der Thur,8548,ZH,47.56293,8.82588
Elm,8767,GL,46.91901,9.16375
Elsau,8352,ZH,47.50143,8.80123
Embd,3926,VS,46.21701,7.82891
Embrach,8424,ZH,47.50692,8.5946
Emdthal,3711,BE,46.65429,7.68429
Emmen,6032,LU,47.08449,8.29927
Emmenbrücke,6020,LU,47.07805,8.27125
Emmenmatt,3543,BE,46.94653,7.73961
Emmetten,6376,NW,46.95483,8.51356
Endingen,5304,AG,47.53729,8.29077
Engelberg,6390,OW,46.82068,8.40859
Engelburg,9032,SG,47.44127,9.34644
Enges,2073,NE,47.05939,7.01504
Enggistein,3077,BE,46.93243,7.59749
Engi,8765,GL,46.98315,9.15268
Ennenda,8755,GL,47.03586,9.07823
Ennetbaden,5408,AG,47.48093,8.31956
Ennetbühl,9651,SG,47.24465,9.22221
Ennetbürgen,6373,NW,46.98607,8.4119
Ennetmoos,6372,NW,46.94645,8.31977
Enney,1667,FR,46.5654,7.08138
Entlebuch,6162,LU,46.99352,8.06712
Epalinges,1066,VD,46.54946,6.66798
Epauvillers,2885,JU,47.33544,7.11497
Ependes FR,1731,FR,46.75429,7.14797
Ependes VD,1434,VD,46.74352,6.60813
Epesses,1098,VD,46.49196,6.74724
Epiquerez,2886,JU,47.32761,7.06556
Eptingen,4458,BL,47.38399,7.81744
Erde,1976,VS,46.25056,7.29288
Ergisch,3947,VS,46.29087,7.7186
Eriswil,4952,BE,47.07809,7.8531
Eriz,3619,BE,46.78854,7.77755
Erlach,3235,BE,47.04235,7.09697
Erlen,8586,TG,47.55016,9.22818
Erlenbach ZH,8703,ZH,47.30318,8.59879
Erlenbach im Simmental,3762,BE,46.66235,7.54463
Erlinsbach,5018,AG,47.40374,8.01229
Erlinsbach SO,5015,SO,47.39799,8.00526
Ermatingen,8272,TG,47.66954,9.08208
Ermensee,6294,LU,47.22672,8.2421
Ermenswil,8734,SG,47.24586,8.88545
Ernen,3995,VS,46.39611,8.14236
Ernetschwil,8725,SG,47.23793,9.00038
Erschmatt,3957,VS,46.32199,7.69207
Erschwil,4228,SO,47.37364,7.54162
Ersigen,3423,BE,47.09369,7.60057
Erstfeld,6472,UR,46.8231,8.64669
Eschen,9492,,47.21218,9.52168
Eschenbach LU,6274,LU,47.13103,8.31995
Eschenbach SG,8733,SG,47.24165,8.92123
Eschenz,8264,TG,47.64817,8.87185
Eschert,2743,BE,47.2763,7.39772
Eschlikon TG,8360,TG,47.46447,8.96765
Escholzmatt,6182,LU,46.91807,7.94194
Essert-Pittet,1435,VD,46.72756,6.58263
Essertes,1078,VD,46.56146,6.78668
Essertines-sur-Rolle,1186,VD,46.49137,6.31694
Essertines-sur-Yverdon,1417,VD,46.71586,6.64058
Esslingen,8133,ZH,47.28843,8.71102
Estavannens,1665,FR,46.56376,7.10313
Estavayer-le-Lac,1470,FR,46.84813,6.84787
Etagnières,1037,VD,46.60046,6.61308
Etoy,1163,VD,46.48442,6.41746
Ettenhausen TG,8356,TG,47.47989,8.8989
Ettingen,4107,BL,47.48221,7.54667
Ettiswil,6218,LU,47.14989,8.01921
Etzelkofen,3306,BE,47.08574,7.47839
Etzgen,5275,AG,47.57116,8.11104
Etziken,4554,SO,47.18767,7.64633
Euseigne,1982,VS,46.17039,7.41871
Euthal,8844,SZ,47.09579,8.81462
Evilard,2533,BE,47.15057,7.2391
Evionnaz,1902,VS,46.17438,7.02281
Evolène,1983,VS,46.1139,7.49446
Eysins,1262,VD,46.38077,6.20691
Fahrni b. Thun,3617,BE,46.79605,7.65381
Fahrwangen,5615,AG,47.29468,8.24221
Fahrweid,8951,ZH,47.4091,8.4147
Fahy,2916,JU,47.41859,6.94935
Faido,6760,TI,46.47895,8.79873
Falera,7153,GR,46.80189,9.23054
Fanas,7215,GR,46.98705,9.66677
Fankhaus (Trub),3557,BE,46.97222,7.91783
Faoug,1595,VD,46.90711,7.07583
Farvagny-le-Grand,1726,FR,46.72033,7.06646
Faulensee,3705,BE,46.67617,7.7016
Fehraltorf,8320,ZH,47.38844,8.75398
Fehren,4232,SO,47.39617,7.57967
Felben-Wellhausen,8552,TG,47.57666,8.94335
Feldbach,8714,ZH,47.24241,8.78912
Feldbrunnen,4532,SO,47.21995,7.55553
Feldis/Veulden,7404,GR,46.79497,9.43278
Felsberg,7012,GR,46.84573,9.47541
Fenil-sur-Corsier,1809,VD,46.4836,6.86524
Ferden,3916,VS,46.39279,7.7567
Ferlens VD,1076,VD,46.58813,6.78618
Ferreyres,1313,VD,46.65855,6.48491
Feuerthalen,8245,ZH,47.69043,8.64473
Feusisberg,8835,SZ,47.18566,8.74717
Feutersoey,3784,BE,46.41234,7.27064
Fey,1044,VD,46.67496,6.6826
Fidaz,7019,GR,46.84025,9.30773
Fideris,7235,GR,46.91225,9.74204
Fiesch,3984,VS,46.40306,8.13266
Fiez,1420,VD,46.82827,6.62432
Figino,6918,TI,45.95429,8.91026
Filisur,7477,GR,46.67199,9.68634
Filzbach,8757,GL,47.12024,9.12921
Finhaut,1925,VS,46.08238,6.97495
Fischbach LU,6145,LU,47.15244,7.9083
Fischbach-Göslikon,5525,AG,47.37045,8.30794
Fischenthal,8497,ZH,47.33323,8.92321
Fischingen,8376,TG,47.41517,8.96862
Fisibach,5467,AG,47.56312,8.4085
Fislisbach,5442,AG,47.43765,8.29008
Flaach,8416,ZH,47.57575,8.6068
Flamatt,3175,FR,46.89009,7.31874
Flanthey,3978,VS,46.26903,7.45207
Flawil,9230,SG,47.41368,9.18415
Flerden,7426,GR,46.70209,9.40655
Fleurier,2114,NE,46.90225,6.58275
Flims Dorf,7017,GR,46.83715,9.28596
Flims Waldhaus,7018,GR,46.82965,9.28859
Flond,7137,GR,46.7676,9.16452
Flumenthal,4534,SO,47.23648,7.59989
Flums,8890,SG,47.09278,9.34308
Flums Hochwiese,8893,SG,47.08483,9.36946
Flumserberg Bergheim,8896,SG,47.09388,9.31362
Flumserberg Portels,8895,SG,47.07941,9.33434
Flumserberg Saxli,8894,SG,47.07331,9.35199
Flumserberg Tannenbodenalp,8898,SG,47.09364,9.28186
Flumserberg Tannenheim,8897,SG,47.08682,9.30324
Flurlingen,8247,ZH,47.68487,8.62926
Fläsch,7306,GR,47.02669,9.51323
Flüelen,6454,UR,46.91889,8.6473
Flüeli-Ranft,6073,OW,46.87273,8.26121
Flühli LU,6173,LU,46.88335,8.01674
Font,1473,FR,46.83665,6.82194
Fontainemelon,2052,NE,47.05533,6.88743
Fontaines NE,2046,NE,47.04259,6.89992
Fontaines-sur-Grandson,1421,VD,46.8354,6.61926
Fontenais,2902,JU,47.40328,7.08109
Forch,8127,ZH,47.32754,8.65518
Forel (Lavaux),1072,VD,46.5363,6.7635
Forel-sur-Lucens,1526,VD,46.72766,6.82231
Fornet-Dessous,2717,BE,47.27992,7.17358
Founex,1297,VD,46.33343,6.19318
Frasco,6636,TI,46.34003,8.80169
Fraubrunnen,3312,BE,47.08581,7.52568
Frauenfeld,8500,TG,47.5559,8.89842
Frauenkappelen,3202,BE,46.95417,7.33694
Freidorf TG,9306,TG,47.48598,9.39456
Freienbach,8807,SZ,47.20472,8.75583
Freienwil,5423,AG,47.50261,8.32694
Frenkendorf,4402,BL,47.50376,7.71341
Fribourg,1700,FR,46.80515,7.1553
Frick,5070,AG,47.50694,8.02083
Frieswil,3035,BE,46.99531,7.28572
Friltschen,9504,TG,47.53761,9.0852
Frinvillier,2535,BE,47.16873,7.25678
Froideville,1055,VD,46.60113,6.68167
Fruthwilen,8269,TG,47.6617,9.06737
Frutigen,3714,BE,46.58478,7.64731
Fräschels,3284,FR,46.99705,7.20847
Frümsen,9467,SG,47.24397,9.47116
Ftan,7551,GR,46.79397,10.24836
Fuldera,7533,GR,46.6097,10.36962
Fulenbach,4629,SO,47.27381,7.83256
Full-Reuenthal,5324,AG,47.61386,8.20419
Fully,1926,VS,46.14096,7.12035
Furna,7232,GR,46.93606,9.67049
Fusio,6696,TI,46.43861,8.66168
Fällanden,8117,ZH,47.37202,8.63912
Féchy,1173,VD,46.48061,6.3716
Fétigny,1532,FR,46.79712,6.91432
Füllinsdorf,4414,BL,47.5063,7.72951
Fürstenau,7414,GR,46.72078,9.44865
Fürstenaubruck,7413,GR,46.7137,9.45069
Gachnang,8547,TG,47.54002,8.85171
Gadenstätt,7244,GR,46.94311,9.7936
Gadmen,3863,BE,46.72932,8.33101
Gais,9056,AR,47.36274,9.45633
Galmiz,3285,FR,46.949,7.15695
Gals,3238,BE,47.02646,7.04703
Gampel,3945,VS,46.3179,7.73655
Gampelen,3236,BE,47.0125,7.05575
Gamprin-Bendern,9487,,47.22006,9.5114
Gams,9473,SG,47.20557,9.44102
Gandria,6978,TI,46.00583,9.00319
Gansingen,5272,AG,47.54182,8.13533
Ganterschwil,9608,SG,47.37915,9.09155
Gasel,3144,BE,46.89773,7.40153
Gattikon,8136,ZH,47.28432,8.54876
Gebenstorf,5412,AG,47.48037,8.24109
Geiss,6123,LU,47.09223,8.05874
Gelfingen,6284,LU,47.21427,8.26781
Gelterkinden,4460,BL,47.46449,7.8548
Gempen,4145,SO,47.47503,7.66052
Gempenach,3215,FR,46.941,7.19594
Genestrerio,6852,TI,45.85389,8.96055
Genolier,1272,VD,46.43725,6.21481
Genthod,1294,GE,46.26481,6.1514
Gentilino,6925,TI,45.99179,8.9311
Genève,1201,GE,46.20819,6.14112
Gerlafingen,4563,SO,47.16978,7.57327
Geroldswil,8954,ZH,47.42313,8.41049
Gerra (Gambarogno),6576,TI,46.12289,8.7887
Gerra (Verzasca),6635,TI,46.31901,8.8008
Gersau,6442,SZ,46.99582,8.52452
Gerzensee,3115,BE,46.84056,7.5436
Gettnau,6142,LU,47.14037,7.96973
Geuensee,6232,LU,47.19844,8.10926
Gibswil,8498,ZH,47.3134,8.91328
Giebenach,4304,BL,47.52276,7.74345
Giez,1429,VD,46.81233,6.61685
Giffers,1735,FR,46.76025,7.21188
Gilly,1182,VD,46.45791,6.29762
Gimel,1188,VD,46.51147,6.30689
Gimmelwald,3826,BE,46.5476,7.88734
Gingins,1276,VD,46.41115,6.17691
Giornico,6745,TI,46.40151,8.87456
Gipf-Oberfrick,5073,AG,47.4978,8.00278
Gisikon,6038,LU,47.12462,8.40038
Giswil,6074,OW,46.84272,8.16795
Giubiasco,6512,TI,46.17372,9.01201
Giumaglio,6678,TI,46.27671,8.68098
Givisiez,1762,FR,46.8127,7.1307
Givrins,1271,VD,46.43059,6.20026
Gland,1196,VD,46.42117,6.27031
Glarus,8750,GL,47.04186,9.06483
Glashütten,4856,AG,47.25934,7.83997
Glattbrugg,8152,ZH,47.43192,8.56425
Glattfelden,8192,ZH,47.55839,8.50252
Gletterens,1544,FR,46.90092,6.93553
Glion,1823,VD,46.43303,6.92706
Glis,3902,VS,46.31081,7.98136
Glovelier,2855,JU,47.33459,7.20321
Gnosca,6525,TI,46.23333,9.02146
Gohl,3553,BE,46.96561,7.81615
Goldach,9403,SG,47.47616,9.47012
Goldau,6410,SZ,47.04932,8.54963
Goldingen,8638,SG,47.27037,8.96715
Goldiwil (Thun),3624,BE,46.7627,7.66538
Goldswil b. Interlaken,3805,BE,46.69582,7.87802
Golino,6656,TI,46.17852,8.7124
Gollion,1124,VD,46.58465,6.50854
Gommiswald,8737,SG,47.23292,9.02289
Gondiswil,4955,BE,47.14253,7.87142
Gonten,9108,AI,47.32772,9.34538
Gontenschwil,5728,AG,47.27046,8.14482
Gordevio,6672,TI,46.2261,8.74566
Gordola,6596,TI,46.18124,8.86492
Gorduno,6518,TI,46.21927,9.02785
Gorgier,2023,NE,46.90591,6.7779
Gossau SG,9200,SG,47.41488,9.25343
Gossau ZH,8625,ZH,47.30531,8.76035
Gossliwil,4579,SO,47.13674,7.43444
Goumoens-la-Ville,1376,VD,46.65922,6.60515
Goumois,2354,JU,47.26445,6.95355
Graben,3376,BE,47.21959,7.72175
Grabs,9472,SG,47.1807,9.44579
Grafenort,6388,NW,46.87573,8.38056
Grafenried,3308,BE,47.07837,7.50859
Grancia,6916,TI,45.96796,8.92768
Grancy,1117,VD,46.59168,6.46446
Grand-Lancy,1212,GE,46.17868,6.11944
Grandcour,1543,VD,46.87195,6.92911
Grandfontaine,2908,JU,47.39291,6.93745
Grandson,1422,VD,46.80622,6.63853
Grandval,2745,BE,47.28284,7.42436
Grandvaux,1091,VD,46.49983,6.72037
Grandvillard,1666,FR,46.53948,7.08549
Granges (Veveyse),1614,FR,46.52536,6.82963
Granges VS,3977,VS,46.26152,7.46693
Granges-Paccot,1763,FR,46.82146,7.1461
Granges-près-Marnand,1523,VD,46.76244,6.88704
Grangettes-près-Romont,1686,FR,46.67713,6.96355
Grasswil,3365,BE,47.14364,7.6696
Gravesano,6929,TI,46.04136,8.91943
Grellingen,4203,BL,47.44083,7.58698
Grenchen,2540,SO,47.19432,7.39417
Grengiols,3993,VS,46.37264,8.09924
Greppen,6404,LU,47.05495,8.43058
Gretzenbach,5014,SO,47.3579,7.99816
Grimisuat,1971,VS,46.259,7.38473
Grindel,4247,SO,47.38148,7.50353
Grindelwald,3818,BE,46.62638,8.03115
Grolley,1772,FR,46.83229,7.06411
Grono,6537,GR,46.24808,9.14821
Gross,8841,SZ,47.11489,8.77295
Grossaffoltern,3257,BE,47.06743,7.36033
Grossdietwil,6146,LU,47.17009,7.88713
Grosshöchstetten,3506,BE,46.90574,7.63842
Grosswangen,6022,LU,47.13283,8.04908
Grub AR,9035,AR,47.44519,9.50795
Grub SG,9036,SG,47.45358,9.51245
Grund b. Gstaad,3783,BE,46.44701,7.2737
Gruyères,1663,FR,46.58279,7.08171
Gryon,1882,VD,46.2816,7.0775
Grächen,3925,VS,46.19591,7.83795
Gränichen,5722,AG,47.3608,8.09923
Grône,3979,VS,46.25028,7.46591
Grünen,3455,BE,47.02449,7.7396
Grünenmatt,3452,BE,47.00984,7.725
Grüningen,8627,ZH,47.28085,8.76264
Grüsch,7214,GR,46.97524,9.64497
Grüt (Gossau ZH),8624,ZH,47.31049,8.78355
Gstaad,3780,BE,46.47247,7.28822
Gsteig b. Gstaad,3785,BE,46.38556,7.26723
Gsteigwiler,3814,BE,46.65505,7.87384
Guarda,7545,GR,46.77549,10.15325
Gudo,6515,TI,46.17527,8.94416
Guggisberg,3158,BE,46.7614,7.31949
Gumefens,1643,FR,46.6774,7.07622
Gunten,3654,BE,46.7145,7.70032
Guntershausen b. Aadorf,8357,TG,47.47534,8.91844
Guntmadingen,8223,SH,47.68545,8.55787
Gunzgen,4617,SO,47.31544,7.83097
Gunzwil,6222,LU,47.2029,8.17807
Gurbrü,3208,BE,46.9644,7.21563
Gurmels,3212,FR,46.89186,7.17506
Gurtnellen,6482,UR,46.73752,8.62641
Gurzelen,3663,BE,46.77805,7.53727
Gutenswil,8605,ZH,47.38513,8.71746
Guttannen,3864,BE,46.65593,8.28681
Guttet-Feschel,3956,VS,46.32512,7.66965
Gwatt (Thun),3645,BE,46.72762,7.6223
Gy,1251,GE,46.25202,6.2568
Gysenstein,3503,BE,46.8934,7.59212
Gächlingen,8214,SH,47.70398,8.49924
Gähwil,9534,SG,47.39546,9.0026
Göschenen,6487,UR,46.66694,8.5821
Gümligen,3073,BE,46.93384,7.5053
Gümmenen,3205,BE,46.94364,7.25487
Günsberg,4524,SO,47.25672,7.57743
Güttingen,8594,TG,47.60533,9.28961
Haag (Rheintal),9469,SG,47.21233,9.49171
Habkern,3804,BE,46.72835,7.86307
Habsburg,5245,AG,47.46262,8.18685
Hagenbuch ZH,8523,ZH,47.51853,8.88326
Hagendorn,6332,ZG,47.20368,8.43385
Haldenstein,7023,GR,46.87827,9.52658
Haldi b. Schattdorf,6469,UR,46.85566,8.68054
Hallau,8215,SH,47.6967,8.45811
Hallwil,5705,AG,47.3277,8.17563
Hasle LU,6166,LU,46.97545,8.05118
Haslen AI,9054,AI,47.3677,9.37331
Haslen GL,8773,GL,46.98047,9.05881
Hasliberg Goldern,6085,BE,46.7393,8.1993
Hasliberg Hohfluh,6083,BE,46.74966,8.17602
Hasliberg Reuti,6086,BE,46.73,8.21636
Hasliberg Wasserwendi,6084,BE,46.74927,8.20278
Hauenstein,4633,SO,47.37617,7.86563
Hauptwil,9213,TG,47.48054,9.25163
Hausen AG,5212,AG,47.46166,8.21237
Hausen am Albis,8915,ZH,47.24548,8.53242
Haute-Nendaz,1997,VS,46.17937,7.29102
Hauterive NE,2068,NE,47.01304,6.97184
Hauteville,1648,FR,46.67361,7.11227
Hedingen,8908,ZH,47.29791,8.44841
Heerbrugg,9435,SG,47.41411,9.62879
Hefenhausen,8564,TG,47.61692,9.06517
Heiden,9410,AR,47.44261,9.53264
Heiligenschwendi,3625,BE,46.75025,7.67537
Heiligkreuz (Mels),8888,SG,47.05841,9.41403
Heimberg,3627,BE,46.79034,7.60372
Heimenschwand,3615,BE,46.8216,7.69196
Heimisbach,3453,BE,47.01129,7.77501
Heimiswil,3412,BE,47.05933,7.65951
Heitenried,1714,FR,46.82926,7.30162
Heldswil,9216,TG,47.52793,9.22442
Helgisried-Rohrbach,3155,BE,46.81204,7.42238
Hellbühl,6016,LU,47.07234,8.19943
Hellikon,4316,AG,47.50941,7.92269
Hemberg,9633,SG,47.29781,9.17387
Hemishofen,8261,SH,47.67695,8.83176
Hemmental,8231,SH,47.73362,8.58408
Hemmiken,4465,BL,47.4882,7.8912
Henau,9247,SG,47.4538,9.11555
Hendschiken,5604,AG,47.38657,8.21884
Henggart,8444,ZH,47.56375,8.68238
Henniez,1525,VD,46.74191,6.88323
Herbetswil,4715,SO,47.29652,7.59195
Herbriggen,3927,VS,46.13516,7.79254
Herdern,8535,TG,47.60639,8.90966
Hergiswil NW,6052,NW,46.98948,8.30811
Hergiswil b. Willisau,6133,LU,47.07389,7.9542
Herisau,9100,AR,47.38564,9.27951
Herlisberg,6028,LU,47.19401,8.23457
Hermance,1248,GE,46.29979,6.24413
Hermenches,1513,VD,46.6409,6.75877
Hermetschwil-Staffeln,5626,AG,47.33075,8.34055
Hermrigen,3274,BE,47.08177,7.24364
Herrenschwanden,3037,BE,46.97503,7.41716
Herrliberg,8704,ZH,47.28956,8.61465
Hersberg,4423,BL,47.49279,7.78349
Hersiwil,4558,SO,47.16561,7.6349
Herznach,5027,AG,47.47312,8.05141
Herzogenbuchsee,3360,BE,47.18904,7.7064
Hessigkofen,4577,SO,47.14128,7.46647
Hettenschwil,5317,AG,47.57473,8.19852
Hettiswil b. Hindelbank,3325,BE,47.03135,7.55599
Hettlingen,8442,ZH,47.54681,8.70786
Hildisrieden,6024,LU,47.15034,8.226
Hilfikon,5613,AG,47.33315,8.24702
Hilterfingen,3652,BE,46.73811,7.6593
Himmelried,4204,SO,47.42191,7.59213
Hindelbank,3324,BE,47.04472,7.54114
Hinterforst,9452,SG,47.36223,9.53094
Hinterfultigen,3089,BE,46.83842,7.40786
Hinterkappelen,3032,BE,46.96798,7.3792
Hinterrhein,7438,GR,46.53196,9.19698
Hinwil,8340,ZH,47.29965,8.84572
Hirschthal,5042,AG,47.31982,8.05627
Hirzel,8816,ZH,47.21603,8.60768
Hittnau,8335,ZH,47.36621,8.82572
Hitzkirch,6285,LU,47.22433,8.2619
Hochdorf,6280,LU,47.16666,8.29266
Hochfelden,8182,ZH,47.52229,8.51563
Hochwald,4146,SO,47.45493,7.64359
Hoffeld,9114,SG,47.35885,9.17192
Hofstatt,6154,LU,47.08372,7.90688
Hofstetten SO,4114,SO,47.47652,7.51462
Hofstetten ZH,8354,ZH,47.47076,8.85786
Hofstetten b. Brienz,3858,BE,46.75392,8.07642
Hohenrain,6276,LU,47.18001,8.31788
Hohtenn,3949,VS,46.31981,7.75882
Holderbank AG,5113,AG,47.42817,8.16902
Holderbank SO,4718,SO,47.3332,7.75304
Holziken,5043,AG,47.32137,8.03856
Homberg b. Thun,3622,BE,46.77612,7.67914
Hombrechtikon,8634,ZH,47.2512,8.77078
Homburg,8508,TG,47.62892,8.99711
Hondrich,3702,BE,46.67315,7.68423
Horboden,3755,BE,46.62155,7.56486
Horgen,8810,ZH,47.25513,8.60078
Horgenberg,8815,ZH,47.24729,8.58575
Horn,9326,TG,47.49328,9.461
Hornussen,5075,AG,47.50023,8.06194
Horriwil,4557,SO,47.18263,7.62147
Horw,6048,LU,47.01882,8.31227
Hosenruck,9515,TG,47.49133,9.1276
Hospental,6493,UR,46.61961,8.56633
Hottwil,5277,AG,47.548,8.16196
Hubersdorf,4535,SO,47.24501,7.58844
Hugelshofen,8565,TG,47.59879,9.11636
Humlikon,8457,ZH,47.57649,8.66965
Hundwil,9064,AR,47.35789,9.3185
Hunzenschwil,5502,AG,47.38556,8.12461
Huttwil,4950,BE,47.11366,7.84829
Häfelfingen,4445,BL,47.41528,7.86507
Hägendorf,4614,SO,47.33576,7.84078
Häggenschwil,9312,SG,47.49345,9.34263
Hägglingen,5607,AG,47.38865,8.25257
Härkingen,4624,SO,47.30628,7.81797
Häusernmoos im Emmental,3463,BE,47.07835,7.746
Häuslenen,8522,TG,47.52703,8.90278
Hérémence,1987,VS,46.16615,7.39534
Höfen b. Thun,3631,BE,46.7221,7.56443
Hölstein,4434,BL,47.42329,7.77098
Hörhausen,8507,TG,47.6361,8.96926
Höri,8181,ZH,47.5068,8.50582
Hünenberg,6331,ZG,47.17744,8.42429
Hünenberg See,6333,ZG,47.17366,8.44742
Hünibach,3626,BE,46.74588,7.64864
Hüntwangen,8194,ZH,47.59576,8.49268
Hüswil,6152,LU,47.12734,7.9072
Hütten,8825,ZH,47.17624,8.66415
Hüttikon,8115,ZH,47.44488,8.38652
Hüttwilen,8536,TG,47.60912,8.87118
Ibach,6438,SZ,47.01152,8.64528
Icogne,1977,VS,46.29259,7.43892
Iffwil,3305,BE,47.0641,7.47867
Igis,7206,GR,46.94652,9.57361
Ilanz,7130,GR,46.77336,9.20278
Illgau,6434,SZ,46.99148,8.72933
Illnau,8308,ZH,47.40884,8.72196
Immensee,6405,SZ,47.09546,8.46151
Indemini,6571,TI,46.09502,8.82888
Inkwil,3375,BE,47.19942,7.67235
Innerferrera,7445,GR,46.52002,9.44666
Innerthal,8858,SZ,47.05507,8.92069
Innertkirchen,3862,BE,46.7037,8.23459
Ins,3232,BE,47.00521,7.1047
Interlaken,3800,BE,46.68474,7.86012
Intragna,6655,TI,46.17558,8.68942
Intschi,6476,UR,46.76287,8.64496
Inwil,6034,LU,47.12374,8.35193
Ipsach,2563,BE,47.11334,7.23323
Iragna,6707,TI,46.33028,8.96392
Iseltwald,3807,BE,46.7078,7.96587
Isenthal,6461,UR,46.90512,8.54511
Iseo,6993,TI,46.00468,8.88146
Islikon,8546,TG,47.54532,8.84362
Isone,6810,TI,46.12902,8.98626
Isérables,1914,VS,46.16063,7.2485
Itingen,4452,BL,47.46777,7.78586
Ittenthal,5083,AG,47.51925,8.05829
Ittigen,3063,BE,46.97691,7.48217
Jaun,1656,FR,46.60991,7.28286
Jegenstorf,3303,BE,47.05087,7.50562
Jenaz,7233,GR,46.92819,9.71546
Jenins,7307,GR,47.00054,9.55757
Jens,2565,BE,47.09983,7.26131
Jeuss,1793,FR,46.9032,7.1654
Jona,8645,SG,47.2337,8.83289
Jonen,8916,AG,47.29742,8.39379
Jongny,1805,VD,46.48274,6.84555
Jonschwil,9243,SG,47.42352,9.0876
Juf,7448,GR,46.4454,9.57961
Juriens,1326,VD,46.69028,6.44819
Jussy,1254,GE,46.23428,6.26267
Kaiseraugst,4303,AG,47.53789,7.72831
Kaiserstuhl AG,5466,AG,47.56834,8.41835
Kaisten,5082,AG,47.54051,8.04617
Kallern,5625,AG,47.31089,8.29262
Kallnach,3283,BE,47.02095,7.23485
Kaltacker,3413,BE,47.07565,7.66953
Kaltbrunn,8722,SG,47.2137,9.02642
Kaltenbach,8259,TG,47.65131,8.84024
Kandergrund,3716,BE,46.55571,7.66089
Kandersteg,3718,BE,46.4945,7.67403
Kappel SO,4616,SO,47.32277,7.84859
Kappel am Albis,8926,ZH,47.22804,8.52902
Kappelen,3273,BE,47.06149,7.26678
Kastanienbaum,6047,LU,47.01007,8.33619
Kaufdorf,3126,BE,46.83815,7.49804
Kehrsatz,3122,BE,46.91173,7.46888
Kehrsiten,6365,NW,47.00063,8.37052
Kemptthal,8310,ZH,47.44936,8.70367
Kernenried,3309,BE,47.07246,7.54878
Kerns,6064,OW,46.90317,8.28105
Kerzers,3210,FR,46.9745,7.19864
Kesswil,8593,TG,47.59332,9.31996
Kestenholz,4703,SO,47.28143,7.75513
Kienberg,4468,SO,47.44058,7.96652
Kiental,3723,BE,46.57817,7.73346
Kiesen,3629,BE,46.81918,7.5814
Kilchberg BL,4496,BL,47.42601,7.89849
Kilchberg ZH,8802,ZH,47.32377,8.54394
Killwangen,8956,AG,47.43162,8.34987
Kippel,3917,VS,46.39951,7.77127
Kirchberg BE,3422,BE,47.08569,7.58648
Kirchberg SG,9533,SG,47.41252,9.04024
Kirchdorf AG,5416,AG,47.49606,8.27598
Kirchdorf BE,3116,BE,46.82,7.54779
Kirchenthurnen,3128,BE,46.82338,7.50264
Kirchlindach,3038,BE,47.0006,7.41729
Kleinandelfingen,8451,ZH,47.59973,8.68519
Kleindietwil,4936,BE,47.1444,7.79094
Kleindöttingen,5314,AG,47.57003,8.2451
Kleinlützel,4245,SO,47.42437,7.41764
Kleinwangen,6277,LU,47.1946,8.29645
Klingnau,5313,AG,47.58204,8.25195
Kloster Fahr,8109,AG,47.40797,8.43868
Klosters,7250,GR,46.86822,9.88972
Klosters Dorf,7252,GR,46.885,9.87199
Kloten,8302,ZH,47.454,8.58401
Knonau,8934,ZH,47.22315,8.46183
Knutwil,6213,LU,47.19876,8.07267
Koblenz,5322,AG,47.60842,8.24177
Kollbrunn,8483,ZH,47.45819,8.77869
Konolfingen,3510,BE,46.88087,7.62114
Koppigen,3425,BE,47.13184,7.60365
Kottwil,6217,LU,47.16255,8.04311
Krattigen,3704,BE,46.65956,7.72837
Krauchthal,3326,BE,47.00778,7.56193
Kreuzlingen,8280,TG,47.6449,9.17375
Kriechenwil,3179,BE,46.91095,7.22222
Kriegstetten,4566,SO,47.17609,7.59756
Kriens,6010,LU,47.03235,8.2819
Kriessern,9451,SG,47.36497,9.60946
Krinau,9622,SG,47.31795,9.05338
Krummenau,9643,SG,47.24847,9.17195
Kyburg,8314,ZH,47.45398,8.74289
Kyburg-Buchegg,4586,SO,47.14202,7.50999
Kägiswil,6056,OW,46.91958,8.25836
Känerkinden,4447,BL,47.41213,7.83604
Kölliken,5742,AG,47.33483,8.02248
Köniz,3098,BE,46.92273,7.41458
Küblis,7240,GR,46.91584,9.77976
Künten,5444,AG,47.38874,8.33028
Küsnacht ZH,8700,ZH,47.32,8.58824
Küssnacht am Rigi,6403,SZ,47.08216,8.43825
Küttigen,5024,AG,47.41428,8.04926
Küttigkofen,4581,SO,47.15006,7.5144
L'Abbaye,1344,VD,46.64959,6.31962
L'Abergement,1355,VD,46.75424,6.48847
L'Auberson,1454,VD,46.81944,6.46221
L'Isle,1148,VD,46.61975,6.41149
L'Orient,1341,VD,46.60175,6.23945
La Brévine,2406,NE,46.98098,6.60457
La Chaux (Cossonay),1308,VD,46.61643,6.47323
La Chaux-de-Fonds,2300,NE,47.10098,6.82633
La Chaux-du-Milieu,2405,NE,47.01328,6.70452
La Conversion,1093,VD,46.51425,6.68567
La Croix (Lutry),1090,VD,46.51693,6.69947
La Croix-de-Rozon,1257,GE,46.14737,6.12209
La Cure,1265,VD,46.46262,6.07623
La Côte-aux-Fées,2117,NE,46.86635,6.48903
La Ferrière,2333,BE,47.14136,6.89868
La Forclaz VD,1866,VD,46.34955,7.06824
La Fouly VS,1944,VS,45.9418,7.1029
La Heutte,2604,BE,47.19069,7.22457
La Joux FR,1697,FR,46.62545,6.93622
La Neuveville,2520,BE,47.0659,7.09629
La Plaine,1283,GE,46.17786,6.00389
La Punt Chamues-ch,7522,GR,46.57632,9.92854
La Rippe,1278,VD,46.38395,6.15126
La Roche FR,1634,FR,46.69557,7.14106
La Sage,1985,VS,46.09927,7.5145
La Sagne NE,2314,NE,47.04243,6.80075
La Sarraz,1315,VD,46.65834,6.50985
La Tour-de-Peilz,1814,VD,46.45499,6.86572
La Tour-de-Trême,1635,FR,46.60887,7.05881
La Tzoumaz,1918,VS,46.14475,7.23696
La Verrerie,1624,FR,46.58919,6.92013
Laax GR,7031,GR,46.80889,9.26491
Laax GR 2,7032,GR,46.82417,9.2586
Lachen SZ,8853,SZ,47.19175,8.8554
Laconnex,1287,GE,46.1558,6.0364
Ladir,7155,GR,46.7909,9.20155
Lajoux JU,2718,JU,47.27845,7.1389
Lamboing,2516,BE,47.11762,7.13801
Lampenberg,4432,BL,47.42603,7.75891
Landquart,7302,GR,46.96251,9.56353
Landschlacht,8597,TG,47.62714,9.24689
Langenbruck,4438,BL,47.35024,7.76908
Langendorf,4513,SO,47.2222,7.51398
Langenthal,4900,BE,47.21248,7.7846
Langnau am Albis,8135,ZH,47.2861,8.5361
Langnau b. Reiden,6262,LU,47.22926,7.96073
Langnau im Emmental,3550,BE,46.94073,7.78641
Langwies,7057,GR,46.82398,9.72415
Langwiesen,8246,ZH,47.68456,8.66055
Lantsch/Lenz,7083,GR,46.68555,9.56309
Lanzenhäusern,3148,BE,46.84419,7.35765
Lanzenneunforn,8506,TG,47.62381,8.93681
Latsch,7484,GR,46.6346,9.75129
Latterbach,3758,BE,46.66541,7.58244
Lauenen b. Gstaad,3782,BE,46.42112,7.32731
Lauerz,6424,SZ,47.0317,8.58364
Laufen,4242,BL,47.42051,7.50091
Laufenburg,5080,AG,47.55922,8.06046
Laupen BE,3177,BE,46.9059,7.23956
Laupen ZH,8637,ZH,47.26527,8.92974
Laupersdorf,4712,SO,47.31347,7.6547
Lauperswil,3438,BE,46.96234,7.73728
Laura,6549,GR,46.21257,9.10216
Lausanne,1003,VD,46.52446,6.62879
Lausen,4415,BL,47.47304,7.75997
Lauterbrunnen,3822,BE,46.59486,7.90886
Lauwil,4426,BL,47.38905,7.67555
Lavertezzo,6633,TI,46.26343,8.84443
Lavey-Village,1892,VD,46.2203,7.01753
Lavigny,1175,VD,46.50174,6.40427
Lavin,7543,GR,46.76743,10.11077
Lavorgo,6746,TI,46.44147,8.84053
Lax,3994,VS,46.3889,8.116
Le Brassus,1348,VD,46.58518,6.20933
Le Bry,1645,FR,46.7008,7.0847
Le Bémont JU,2360,JU,47.26317,7.02165
Le Cerneux-Péquignot,2414,NE,47.01577,6.66301
Le Châble VS,1934,VS,46.0808,7.21424
Le Châtelard-près-Romont,1689,FR,46.67793,6.98479
Le Crêt-du-Locle,2322,NE,47.07727,6.78426
Le Crêt-près-Semsales,1611,FR,46.60646,6.91618
Le Fuet,2712,BE,47.24415,7.18204
Le Grand-Saconnex,1218,GE,46.22968,6.11871
Le Landeron,2525,NE,47.05702,7.06896
Le Lieu,1345,VD,46.64554,6.27678
Le Lignon,1219,GE,46.20465,6.09953
Le Locle,2400,NE,47.057,6.75044
Le Mont-Pèlerin,1801,VD,46.48445,6.82861
Le Mont-sur-Lausanne,1052,VD,46.55394,6.63447
Le Mouret,1724,FR,46.74971,7.17784
Le Noirmont,2340,JU,47.22324,6.95543
Le Pont,1342,VD,46.66981,6.33662
Le Prese,7746,GR,46.29591,10.07907
Le Pâquier NE,2058,NE,47.10186,6.98145
Le Pâquier-Montbarry,1661,FR,46.59353,7.05508
Le Sentier,1347,VD,46.6064,6.22945
Le Sépey,1863,VD,46.36041,7.04983
Leggia,6556,GR,46.26197,9.16414
Leibstadt,5325,AG,47.59086,8.17393
Leimbach AG,5733,AG,47.27283,8.16934
Leimbach TG,8584,TG,47.56091,9.18743
Leimiswil,4935,BE,47.15231,7.76706
Leissigen,3706,BE,46.65448,7.7748
Lenggenwil,9525,SG,47.4752,9.14802
Lengnau AG,5426,AG,47.52266,8.32825
Lengnau BE,2543,BE,47.1808,7.36819
Lenk im Simmental,3775,BE,46.45471,7.44531
Lens,1978,VS,46.28178,7.44827
Lentigny,1745,FR,46.75944,7.00518
Lenzburg,5600,AG,47.3879,8.17636
Lenzerheide/Lai,7078,GR,46.72619,9.55468
Les Agettes,1992,VS,46.20758,7.37332
Les Avanchets,1220,GE,46.22074,6.10901
Les Avants,1833,VD,46.45713,6.94275
Les Bayards,2127,NE,46.91851,6.52242
Les Bioux,1346,VD,46.61997,6.26953
Les Bois,2336,JU,47.17946,6.90248
Les Brenets,2416,NE,47.06759,6.70716
Les Breuleux,2345,JU,47.21063,7.00243
Les Charbonnières,1343,VD,46.66734,6.31512
Les Clées,1356,VD,46.73175,6.4617
Les Cullayes,1080,VD,46.5734,6.75431
Les Diablerets,1865,VD,46.35105,7.16125
Les Emibois,2338,JU,47.23181,6.98924
Les Enfers,2363,JU,47.28847,7.04627
Les Geneveys-sur-Coffrane,2206,NE,47.01535,6.85093
Les Genevez JU,2714,JU,47.25676,7.13113
Les Haudères,1984,VS,46.08527,7.50503
Les Hauts-Geneveys,2208,NE,47.04707,6.87292
Les Marécottes,1923,VS,46.11186,7.00559
Les Monts-de-Corsier,1808,VD,46.50047,6.87742
Les Monts-de-Pully,1068,VD,46.53662,6.68996
Les Mosses,1862,VD,46.3957,7.10139
Les Paccots,1619,FR,46.51889,6.95153
Les Planchettes,2325,NE,47.11013,6.77357
Les Pommerats,2353,JU,47.27249,6.98539
Les Ponts-de-Martel,2316,NE,46.99725,6.73012
Les Rasses,1452,VD,46.82955,6.54
Les Reussilles,2722,BE,47.22581,7.07993
Les Sagnettes,2124,NE,46.93455,6.59745
Les Verrières,2126,NE,46.90563,6.47925
Leuggelbach,8774,GL,46.97674,9.04494
Leuggern,5316,AG,47.58397,8.21906
Leuk Stadt,3953,VS,46.31866,7.63586
Leukerbad,3954,VS,46.37969,7.62823
Leutwil,5725,AG,47.30923,8.17329
Leuzigen,3297,BE,47.17462,7.45737
Levron,1942,VS,46.09853,7.16299
Leysin,1854,VD,46.34467,7.01441
Leytron,1912,VS,46.18617,7.20843
Li Curt,7745,GR,46.31078,10.06357
Libingen,9614,SG,47.32839,9.02157
Lichtensteig,9620,SG,47.32677,9.08721
Liddes,1945,VS,45.99206,7.18587
Liebefeld,3097,BE,46.93032,7.41773
Liebistorf,3213,FR,46.90661,7.19187
Liesberg,4253,BL,47.39681,7.42662
Liesberg Dorf,4254,BL,47.40369,7.43094
Liestal,4410,BL,47.48357,7.73475
Ligerz,2514,BE,47.08879,7.1404
Lignerolle,1357,VD,46.7417,6.45685
Lignières,2523,NE,47.08371,7.06257
Ligornetto,6853,TI,45.86166,8.95241
Limpach,3317,BE,47.10874,7.49533
Lindau,8315,ZH,47.44251,8.67379
Linden,3673,BE,46.84791,7.68517
Linescio,6682,TI,46.30941,8.58349
Linthal,8783,GL,46.91414,8.99499
Littenheid,9573,TG,47.44091,9.00896
Litzirüti,7058,GR,46.79893,9.70209
Lobsigen,3268,BE,47.02413,7.296
Locarno,6600,TI,46.17246,8.78828
Loco,6661,TI,46.20514,8.67379
Lodrino,6527,TI,46.30042,8.98032
Lohn SH,8235,SH,47.75546,8.6709
Lohn-Ammannsegg,4573,SO,47.17089,7.52823
Lommis,9506,TG,47.51666,8.99447
Lommiswil,4514,SO,47.22493,7.47084
Lonay,1027,VD,46.52651,6.51907
Lopagno,6956,TI,46.06907,8.97783
Losone,6616,TI,46.16883,8.76034
Lostallo,6558,GR,46.31731,9.19937
Lostorf,4654,SO,47.38408,7.94624
Lotzwil,4932,BE,47.19068,7.79142
Lourtier,1948,VS,46.05181,7.26375
Lucens,1522,VD,46.70752,6.83686
Ludiano,6721,TI,46.42038,8.96765
Lufingen,8426,ZH,47.48493,8.593
Lugaggia,6953,TI,46.05909,8.97204
Lugano,6900,TI,46.00855,8.95235
Lugnorre,1789,FR,46.9511,7.07559
Luins,1184,VD,46.44281,6.27149
Lully VD,1132,VD,46.50544,6.4633
Lumbrein,7148,GR,46.68275,9.13595
Lumino,6533,TI,46.23122,9.06595
Lunden,7222,GR,46.9506,9.71133
Lungern,6078,OW,46.78512,8.15674
Lupsingen,4419,BL,47.44677,7.69292
Lussery-Villars,1307,VD,46.63257,6.52661
Lussy-sur-Morges,1167,VD,46.50253,6.44996
Lustmühle,9062,AR,47.39835,9.35706
Luterbach,4542,SO,47.21466,7.58364
Luthern,6156,LU,47.05938,7.91471
Lutry,1095,VD,46.50581,6.68802
Lutzenberg,9426,AR,47.46049,9.57564
Luven,7141,GR,46.75835,9.19658
Luzein,7242,GR,46.92062,9.76367
Luzern,6003,LU,47.05328,8.29783
Lyss,3250,BE,47.07415,7.30738
Lyssach,3421,BE,47.06733,7.58101
Längenbühl,3636,BE,46.75819,7.53834
Läufelfingen,4448,BL,47.39491,7.85594
Léchelles,1773,FR,46.82947,7.01522
Löhningen,8224,SH,47.70193,8.55193
Lömmenschwil,9308,SG,47.49706,9.35082
Lü,7534,GR,46.61964,10.37421
Lüscherz,2576,BE,47.04586,7.15191
Lütisburg,9604,SG,47.39712,9.08923
Lütisburg Station,9601,SG,47.37935,9.06676
Lütschental,3816,BE,46.63903,7.95358
Lützelflüh-Goldbach,3432,BE,47.0059,7.68834
Madetswil,8322,ZH,47.41215,8.79188
Madiswil,4934,BE,47.16451,7.80157
Madulain,7523,GR,46.58776,9.93954
Magadino,6573,TI,46.14639,8.861
Magden,4312,AG,47.52783,7.81282
Maggia,6673,TI,46.24873,8.70927
Magglingen/Macolin,2532,BE,47.14127,7.21294
Magliaso,6983,TI,45.98158,8.88998
Maglio di Colla,6959,TI,46.08673,9.04266
Maienfeld,7304,GR,47.00738,9.53337
Maisprach,4464,BL,47.52466,7.8457
Maladers,7026,GR,46.8382,9.56293
Malans GR,7208,GR,46.98152,9.57391
Malix,7074,GR,46.81719,9.52584
Maloja,7516,GR,46.40385,9.69852
Malters,6102,LU,47.03844,8.17961
Malvaglia,6713,TI,46.41281,8.99396
Mamishaus,3152,BE,46.8162,7.37638
Mammern,8265,TG,47.64404,8.91501
Mandach,5318,AG,47.54727,8.18564
Mannenbach-Salenstein,8268,TG,47.67289,9.05129
Manno,6928,TI,46.03573,8.91947
Maracon,1613,VD,46.55186,6.87184
Marbach LU,6196,LU,46.85982,7.89892
Marbach SG,9437,SG,47.39233,9.56828
Mariastein,4115,SO,47.4773,7.487
Marin-Epagnier,2074,NE,47.00843,7.00889
Marly,1723,FR,46.77813,7.15761
Marnand,1524,VD,46.75712,6.89969
Maroggia,6817,TI,45.93468,8.97148
Marsens,1633,FR,46.65641,7.05938
Marthalen,8460,ZH,47.62787,8.65106
Martigny,1920,VS,46.10294,7.07493
Martigny-Croix,1921,VS,46.08297,7.04814
Martina,7560,GR,46.88828,10.46141
Maschwanden,8933,ZH,47.23451,8.42673
Mase,1968,VS,46.19616,7.43581
Masein,7425,GR,46.70103,9.42878
Massongex,1869,VS,46.24153,6.9867
Massonnens,1692,FR,46.69844,6.97451
Mastrils,7303,GR,46.96661,9.54374
Mathod,1438,VD,46.76654,6.56417
Matran,1753,FR,46.78661,7.09802
Matt,8766,GL,46.96086,9.17582
Matten (St. Stephan),3773,BE,46.49987,7.43159
Matzendorf,4713,SO,47.30568,7.62889
Matzingen,9548,TG,47.52042,8.93096
Mauensee,6216,LU,47.16661,8.07047
Maur,8124,ZH,47.33942,8.66961
Mauren FL,9493,,47.2191,9.54367
Mauren TG,8576,TG,47.56622,9.15587
Medeglia,6809,TI,46.1178,8.96196
Medels im Rheinwald,7436,GR,46.54822,9.29436
Meggen,6045,LU,47.04821,8.37186
Meien,6485,UR,46.7286,8.54709
Meierskappel,6344,LU,47.12188,8.44147
Meikirch,3045,BE,47.00946,7.36633
Meilen,8706,ZH,47.27252,8.64449
Meinier,1252,GE,46.2442,6.23215
Meinisberg,2554,BE,47.16025,7.3491
Meiringen,3860,BE,46.72859,8.18137
Meisterschwanden,5616,AG,47.29507,8.22869
Melano,6818,TI,45.92261,8.98492
Melchnau,4917,BE,47.18142,7.85118
Melchsee-Frutt,6068,OW,46.77564,8.27295
Melchtal,6067,OW,46.83188,8.29277
Melide,6815,TI,45.95331,8.94528
Mellikon,5465,AG,47.56726,8.35096
Mellingen,5507,AG,47.41765,8.27362
Mels,8887,SG,47.0457,9.42065
Meltingen,4233,SO,47.38718,7.59034
Mendrisio,6850,TI,45.87075,8.98419
Menzberg,6125,LU,47.04099,8.00137
Menziken,5737,AG,47.24039,8.18975
Menzingen,6313,ZG,47.17609,8.59499
Menznau,6122,LU,47.08319,8.03942
Menzonio,6692,TI,46.3619,8.64197
Merenschwand,5634,AG,47.25989,8.37605
Mergoscia,6647,TI,46.20996,8.84252
Meride,6866,TI,45.89054,8.9527
Merishausen,8232,SH,47.75949,8.60901
Merligen,3658,BE,46.70018,7.73653
Merlischachen,6402,SZ,47.06708,8.41008
Mervelier,2827,JU,47.34369,7.50009
Mesocco,6563,GR,46.39879,9.23254
Messen,3254,SO,47.0915,7.44569
Mettau,5274,AG,47.56469,8.12753
Mettembert,2806,JU,47.39799,7.32202
Mettlen,9517,TG,47.53187,9.12342
Mettmenstetten,8932,ZH,47.24591,8.46426
Metzerlen,4116,SO,47.46438,7.46702
Mex VD,1031,VD,46.5769,6.56112
Meyrin,1217,GE,46.23031,6.07709
Mezzovico,6805,TI,46.09152,8.91867
Middes,1749,FR,46.77177,6.94793
Milken,3157,BE,46.79527,7.36202
Minusio,6648,TI,46.17796,8.81811
Missy,1565,VD,46.87948,6.96909
Mitlödi,8756,GL,47.01127,9.07958
Mittelhäusern,3147,BE,46.8745,7.36785
Miège,3972,VS,46.31166,7.54713
Miécourt,2946,JU,47.42805,7.17524
Mogelsberg,9122,SG,47.36119,9.1361
Moleno,6524,TI,46.26832,8.99084
Molinis,7056,GR,46.82636,9.65355
Mollens VD,1146,VD,46.57715,6.36238
Mollens VS,3974,VS,46.31319,7.51996
Mollis,8753,GL,47.09298,9.07533
Molondin,1415,VD,46.76035,6.74937
Mols,8885,SG,47.11179,9.28072
Mon,7458,GR,46.65094,9.56147
Monnaz,1125,VD,46.52837,6.48012
Mont-Tramelan,2723,BE,47.2077,7.0579
Mont-de-Buttes,2116,NE,46.88357,6.51706
Mont-sur-Rolle,1185,VD,46.46904,6.3394
Montagnola,6926,TI,45.98276,8.917
Montagny-la-Ville,1776,FR,46.81764,6.99491
Montagny-près-Yverdon,1442,VD,46.79168,6.61353
Montavon,2857,JU,47.3696,7.23179
Montcherand,1354,VD,46.73361,6.5092
Monte,6875,TI,45.88146,9.02681
Monte Carasso,6513,TI,46.18931,8.9983
Montenol,2884,JU,47.35108,7.14843
Montet (Broye),1483,FR,46.81611,6.86851
Montfaucon,2362,JU,47.28004,7.05393
Montherod,1174,VD,46.49961,6.36507
Monthey,1870,VS,46.25387,6.95216
Montignez,2924,JU,47.48631,7.05876
Montlingen,9462,SG,47.33413,9.58565
Montmagny,1587,VD,46.92614,7.01022
Montmelon,2883,JU,47.35205,7.17273
Montmollin,2037,NE,46.99335,6.84593
Montpreveyres,1081,VD,46.58081,6.73887
Montreux,1820,VD,46.43483,6.91293
Montricher,1147,VD,46.60011,6.3769
Montsevelier,2828,JU,47.36083,7.50651
Moosseedorf,3302,BE,47.01368,7.48378
Morbio Inferiore,6834,TI,45.8497,9.01996
Morbio Superiore,6835,TI,45.86046,9.02352
Morcote,6922,TI,45.9268,8.91176
Morges,1110,VD,46.51337,6.49572
Morgins,1875,VS,46.23968,6.86055
Morissen,7143,GR,46.72889,9.18045
Morlon,1638,FR,46.62489,7.08327
Morrens VD,1054,VD,46.59096,6.62734
Morschach,6443,SZ,46.98202,8.62001
Mosen,6295,LU,47.2443,8.22651
Mosnang,9607,SG,47.36214,9.04524
Moudon,1510,VD,46.66967,6.79734
Moutier,2740,JU,47.27736,7.36911
Movelier,2812,JU,47.40969,7.31591
Muggio,6838,TI,45.90637,9.04049
Muhen,5037,AG,47.33614,8.05599
Mulegns,7455,GR,46.52323,9.61433
Mumpf,4322,AG,47.54691,7.91534
Mumpé Medel,7183,GR,46.68578,8.84169
Mund,3903,VS,46.31567,7.93551
Muntelier,3286,FR,46.93748,7.12777
Muolen,9313,SG,47.51886,9.32622
Muotathal,6436,SZ,46.97414,8.76624
Muraz (Collombey),1893,VS,46.28022,6.92893
Murg,8877,SG,47.11085,9.21327
Murgenthal,4853,AG,47.26919,7.83826
Muri AG,5630,AG,47.27204,8.34045
Muri b. Bern,3074,BE,46.92925,7.48706
Murist,1489,FR,46.7935,6.81074
Murten,3280,FR,46.92615,7.12008
Murzelen,3034,BE,46.97882,7.31573
Muttenz,4132,BL,47.5285,7.64074
Muzzano,6933,TI,45.99699,8.91843
Mädris-Vermol,8886,SG,47.0465,9.38
Mägenwil,5506,AG,47.41202,8.23582
Männedorf,8708,ZH,47.25625,8.69626
Märstetten,8560,TG,47.58991,9.06683
Märwil,9562,TG,47.53254,9.07294
Ménières,1533,FR,46.78309,6.88063
Mézières FR,1684,FR,46.67712,6.928
Mézières VD,1083,VD,46.59464,6.77127
Môtier (Vully),1787,FR,46.94719,7.08075
Môtiers NE,2112,NE,46.90967,6.61239
Möhlin,4313,AG,47.56123,7.84284
Mönchaltorf,8617,ZH,47.30982,8.72105
Mönthal,5237,AG,47.51803,8.14356
Mörel,3983,VS,46.35724,8.04506
Mörschwil,9402,SG,47.46675,9.42408
Mühlau,5642,AG,47.22991,8.38886
Mühleberg,3203,BE,46.95953,7.26814
Mühledorf SO,4583,SO,47.13561,7.47612
Mühlehorn,8874,GL,47.11397,9.17643
Mühlethal,4812,AG,47.30224,7.97649
Mühlethurnen,3127,BE,46.81456,7.5101
Mühlrüti,9613,SG,47.36961,8.98738
Müllheim Dorf,8555,TG,47.6024,9.00216
Müllheim-Wigoltingen,8554,TG,47.58938,9.01376
Mülligen,5243,AG,47.45695,8.23916
Mümliswil,4717,SO,47.34325,7.70326
Münchenbuchsee,3053,BE,47.02093,7.44759
Münchenstein,4142,BL,47.51928,7.61086
Münchenwiler,1797,BE,46.9132,7.12525
Münchwilen AG,4333,AG,47.53899,7.96451
Münchwilen TG,9542,TG,47.47824,8.99471
Münsingen,3110,BE,46.87387,7.55943
Münster VS,3985,VS,46.48679,8.26435
Müntschemier,3225,BE,46.99565,7.14395
Mürren,3825,BE,46.56047,7.89168
Müstair,7537,GR,46.62564,10.44698
Müswangen,6289,LU,47.23784,8.28944
Nassen,9123,SG,47.37642,9.14181
Naters,3904,VS,46.3269,7.99291
Nax,1973,VS,46.22814,7.43114
Nebikon,6244,LU,47.19159,7.97865
Necker,9126,SG,47.34754,9.12941
Neerach,8173,ZH,47.50989,8.47195
Neftenbach,8413,ZH,47.52569,8.66601
Neggio,6991,TI,45.98763,8.88009
Nendeln,9485,,47.19743,9.54343
Nennigkofen,4574,SO,47.18594,7.49416
Nenzlingen,4224,BL,47.44725,7.561
Nesslau,9650,SG,47.22282,9.19565
Netstal,8754,GL,47.06163,9.0555
Neu St. Johann,9652,SG,47.2331,9.19325
Neuchâtel,2000,NE,46.99435,6.92712
Neudorf,6025,LU,47.17778,8.20859
Neuendorf,4623,SO,47.29882,7.79576
Neuenegg,3176,BE,46.89638,7.30573
Neuenhof,5432,AG,47.44881,8.32684
Neuenkirch,6206,LU,47.09993,8.2038
Neuhaus SG,8732,SG,47.24406,8.94332
Neuhausen am Rheinfall,8212,SH,47.68372,8.6152
Neuheim,6345,ZG,47.20306,8.57664
Neukirch (Egnach),9315,TG,47.52866,9.37168
Neukirch an der Thur,9217,TG,47.51087,9.17418
Neunkirch,8213,SH,47.6884,8.49879
Neuwilen,8566,TG,47.62103,9.13475
Neyruz FR,1740,FR,46.76727,7.06513
Nidau,2560,BE,47.12426,7.24178
Nidfurn,8772,GL,46.9864,9.05505
Niederbipp,4704,BE,47.26998,7.69264
Niederbuchsiten,4626,SO,47.29584,7.77439
Niederbüren,9246,SG,47.46377,9.20747
Niederdorf,4435,BL,47.40719,7.75243
Niederglatt ZH,8172,ZH,47.49277,8.49977
Niedergösgen,5013,SO,47.37254,7.99095
Niederhasli,8155,ZH,47.48064,8.48915
Niederhelfenschwil,9527,SG,47.47635,9.1863
Niederhünigen,3504,BE,46.87656,7.63917
Niederlenz,5702,AG,47.4017,8.17448
Niedermuhlern,3087,BE,46.85825,7.46196
Niederneunforn,8525,TG,47.59554,8.78304
Niederried b. Interlaken,3853,BE,46.71799,7.92989
Niederrohrdorf,5443,AG,47.4245,8.30426
Niederscherli,3145,BE,46.88392,7.39106
Niederteufen,9052,AR,47.39213,9.3661
Niederurnen,8867,GL,47.1259,9.05374
Niederuzwil,9244,SG,47.4458,9.14107
Niederwangen b. Bern,3172,BE,46.92564,7.37615
Niederweningen,8166,ZH,47.50663,8.37555
Niederwil AG,5524,AG,47.37734,8.29566
Niederwil SG,9203,SG,47.43702,9.19855
Niederwil SO,4523,SO,47.25051,7.57312
Niederönz,3362,BE,47.18644,7.6914
Niederösch,3424,BE,47.11752,7.61405
Nods,2518,BE,47.11471,7.07971
Noiraigue,2103,NE,46.95522,6.72408
Noréaz,1757,FR,46.80225,7.0281
Nottwil,6207,LU,47.13356,8.13547
Novaggio,6986,TI,46.00999,8.8555
Novazzano,6883,TI,45.84221,8.97947
Noville,1845,VD,46.38205,6.90346
Noës,3976,VS,46.28027,7.5053
Nufenen,7437,GR,46.54121,9.24428
Nuglar,4412,SO,47.47067,7.69297
Nunningen,4208,SO,47.39491,7.61884
Nussbaumen AG,5415,AG,47.48859,8.29287
Nussbaumen TG,8537,TG,47.62558,8.82915
Nusshof,4453,BL,47.49201,7.80502
Nuvilly,1485,FR,46.78345,6.83405
Nyon,1260,VD,46.38507,6.23223
Näfels,8752,GL,47.09833,9.05904
Nänikon,8606,ZH,47.36989,8.69102
Nürensdorf,8309,ZH,47.45479,8.64328
Obbürgen,6363,NW,46.98377,8.36351
Oberaach,8587,TG,47.55739,9.26821
Oberarth,6414,SZ,47.05605,8.53931
Oberbalm,3096,BE,46.86627,7.40543
Oberbipp,4538,BE,47.26036,7.66152
Oberbuchsiten,4625,SO,47.30987,7.76749
Oberburg,3414,BE,47.03366,7.62264
Oberbüren,9245,SG,47.45129,9.16134
Oberdiessbach,3672,BE,46.84007,7.61989
Oberdorf BL,4436,BL,47.39328,7.75186
Oberdorf SO,4515,SO,47.2305,7.50357
Oberegg,9413,AI,47.42196,9.55234
Oberembrach,8425,ZH,47.48932,8.62351
Oberengstringen,8102,ZH,47.4092,8.46293
Oberentfelden,5036,AG,47.35651,8.04369
Oberflachs,5108,AG,47.44175,8.12919
Oberfrittenbach,3551,BE,46.96881,7.79209
Obergerlafingen,4564,SO,47.16105,7.58435
Oberglatt ZH,8154,ZH,47.47593,8.51731
Obergoldbach,3434,BE,46.95971,7.66813
Obergösgen,4653,SO,47.36464,7.9524
Oberhallau,8216,SH,47.70642,8.47708
Oberhasli,8156,ZH,47.46776,8.50099
Oberhelfenschwil,9621,SG,47.35425,9.10862
Oberhof,5062,AG,47.44901,8.00721
Oberhofen AG,5273,AG,47.55414,8.13165
Oberhofen am Thunersee,3653,BE,46.73195,7.67099
Oberiberg,8843,SZ,47.03976,8.77876
Oberkirch LU,6208,LU,47.15922,8.11294
Oberkulm,5727,AG,47.30143,8.12147
Oberlunkhofen,8917,AG,47.31197,8.39258
Obermumpf,4324,AG,47.53163,7.93514
Obernau,6012,LU,47.03225,8.25231
Oberneunforn,8526,TG,47.60642,8.76783
Oberrickenbach,6387,NW,46.88626,8.42193
Oberried am Brienzersee,3854,BE,46.73708,7.9611
Oberrieden,8942,ZH,47.27577,8.57661
Oberriet SG,9463,SG,47.32044,9.56299
Oberrohrdorf,5452,AG,47.42103,8.31531
Oberrüti,5647,AG,47.1658,8.39653
Obersaxen,7134,GR,46.74989,9.10663
Oberschan,9479,SG,47.0988,9.47415
Oberstammheim,8477,ZH,47.63272,8.79848
Obersteckholz,4924,BE,47.20048,7.82278
Oberterzen,8884,SG,47.10016,9.25905
Oberthal,3531,BE,46.91844,7.67896
Oberurnen,8868,GL,47.11497,9.05967
Oberuzwil,9242,SG,47.4295,9.12512
Oberwald,3999,VS,46.5329,8.3537
Oberwangen b. Bern,3173,BE,46.91357,7.35949
Oberwil BL,4104,BL,47.51567,7.5569
Oberwil b. Büren,3298,BE,47.12904,7.4072
Oberwil b. Zug,6317,ZG,47.14445,8.50847
Oberwil im Simmental,3765,BE,46.65405,7.43647
Oberwil-Lieli,8966,AG,47.33886,8.39343
Oberägeri,6315,ZG,47.13728,8.61324
Oberönz,3363,BE,47.18115,7.69437
Obfelden,8912,ZH,47.26403,8.42306
Obstalden,8758,GL,47.11459,9.15485
Ocourt,2889,JU,47.3532,7.07266
Odogno,6960,TI,46.08889,8.97033
Oensingen,4702,SO,47.28977,7.71663
Oerlingen,8461,ZH,47.6246,8.67559
Oeschenbach,4943,BE,47.11033,7.74831
Oeschgen,5072,AG,47.51956,8.01715
Oeschseite,3776,BE,46.52851,7.34424
Oetwil am See,8618,ZH,47.27209,8.72257
Oetwil an der Limmat,8955,ZH,47.42853,8.39657
Oey,3753,BE,46.65486,7.58239
Oftringen,4665,AG,47.30889,7.93062
Ogens,1045,VD,46.71069,6.72402
Ohmstal,6143,LU,47.15871,7.95598
Olivone,6718,TI,46.52888,8.92961
Ollon VD,1867,VD,46.29348,6.99497
Olsberg,4305,AG,47.52195,7.78373
Olten,4600,SO,47.34888,7.90639
Oltingen,4494,BL,47.43297,7.93439
Onnens FR,1756,FR,46.77486,7.03688
Onnens VD,1425,VD,46.83881,6.6886
Oppens,1047,VD,46.71419,6.69394
Orbe,1350,VD,46.7246,6.53291
Orges,1430,VD,46.80856,6.58782
Origlio,6945,TI,46.05224,8.94679
Ormalingen,4466,BL,47.47103,7.87446
Orny,1317,VD,46.66792,6.52629
Oron-la-Ville,1610,VD,46.57043,6.82613
Oron-le-Châtel,1608,VD,46.57532,6.84096
Orpund,2552,BE,47.13985,7.30384
Orselina,6644,TI,46.17891,8.79824
Orsières,1937,VS,46.02929,7.14425
Ortschwaben,3042,BE,46.99495,7.39881
Orvin,2534,BE,47.16047,7.21528
Orzens,1413,VD,46.72353,6.68274
Oschwand,3476,BE,47.14255,7.72109
Osco,6763,TI,46.49535,8.77558
Osogna,6703,TI,46.3109,8.98816
Ospizio Bernina,7710,GR,46.40963,10.04312
Ossingen,8475,ZH,47.6121,8.726
Osterfingen,8218,SH,47.66244,8.48749
Ostermundigen,3072,BE,46.95562,7.49012
Otelfingen,8112,ZH,47.46045,8.38938
Othmarsingen,5504,AG,47.40164,8.21492
Ottenbach,8913,ZH,47.28059,8.40614
Ottikon (Gossau ZH),8626,ZH,47.29286,8.78628
Ottoberg,8561,TG,47.58639,9.08499
Oulens-sous-Echallens,1377,VD,46.64349,6.57766
Ovronnaz,1911,VS,46.19831,7.17317
Pailly,1416,VD,46.70021,6.67388
Palagnedra,6657,TI,46.15355,8.6338
Palézieux,1607,VD,46.54187,6.84043
Pambio-Noranco,6915,TI,45.98537,8.93068
Pampigny,1142,VD,46.58023,6.42743
Pany,7243,GR,46.93129,9.76384
Parpan,7076,GR,46.76458,9.56326
Parsonz,7464,GR,46.59975,9.57147
Paspels,7417,GR,46.74859,9.44418
Passugg,7062,GR,46.82591,9.55089
Paudex,1094,VD,46.50724,6.67303
Payerne,1530,VD,46.8209,6.93815
Pazzallo,6912,TI,45.98353,8.94071
Peccia,6695,TI,46.40748,8.64647
Pedrinate,6832,TI,45.82602,9.01308
Peiden,7110,GR,46.72,9.19618
Peist,7029,GR,46.83393,9.67623
Peney-le-Jorat,1059,VD,46.63212,6.72891
Pensier,1783,FR,46.8444,7.13727
Penthalaz,1305,VD,46.61054,6.52568
Penthaz,1303,VD,46.59753,6.53867
Penthéréaz,1375,VD,46.68257,6.60371
Perlen,6035,LU,47.10739,8.35783
Perly,1258,GE,46.15634,6.09065
Perrefitte,2742,BE,47.27555,7.34206
Perroy,1166,VD,46.46777,6.36138
Personico,6744,TI,46.36817,8.91798
Peseux,2034,NE,46.98787,6.89155
Petit-Lancy,1213,GE,46.19159,6.11741
Pfaffhausen,8118,ZH,47.36533,8.62418
Pfaffnau,6264,LU,47.22981,7.89893
Pfeffikon LU,5735,LU,47.24773,8.17594
Pfeffingen,4148,BL,47.45925,7.59001
Pfungen,8422,ZH,47.51495,8.64295
Pfyn,8505,TG,47.59645,8.95535
Pfäfers,7312,SG,46.99004,9.50104
Pfäffikon SZ,8808,SZ,47.19953,8.77686
Pfäffikon ZH,8330,ZH,47.36817,8.78592
Pianezzo,6582,TI,46.17127,9.0333
Piazzogna,6579,TI,46.13502,8.82447
Pieterlen,2542,BE,47.17427,7.33744
Pignia,7443,GR,46.61286,9.43848
Piotta,6776,TI,46.51803,8.67815
Pitasch,7111,GR,46.73056,9.22098
Plaffeien,1716,FR,46.73503,7.28986
Plagne,2536,BE,47.19029,7.28724
Plan-les-Ouates,1228,GE,46.16778,6.11889
Planken,9498,,47.18536,9.54523
Plasselb,1737,FR,46.73498,7.25229
Platta,7185,GR,46.64479,8.84708
Plaun da Lej,7517,GR,46.42266,9.71666
Pleigne,2807,JU,47.40758,7.29081
Plons,8889,SG,47.0585,9.395
Pollegio,6742,TI,46.36451,8.94749
Pompaples,1318,VD,46.66712,6.51053
Pomy,1405,VD,46.76074,6.66819
Pont-de-la-Morge (Sion),1962,VS,46.22379,7.31507
Pont-la-Ville,1649,FR,46.69654,7.11359
Ponte Capriasca,6946,TI,46.06074,8.94788
Ponte Tresa,6988,TI,45.96979,8.8588
Pontenet,2733,BE,47.24118,7.25504
Ponto Valentino,6724,TI,46.48182,8.93231
Pontresina,7504,GR,46.4937,9.90115
Porrentruy,2900,JU,47.41579,7.07407
Porsel,1699,FR,46.6019,6.86668
Port,2562,BE,47.11462,7.25282
Portalban,1568,FR,46.91838,6.95578
Porto Ronco,6613,TI,46.14131,8.7265
Porza,6948,TI,46.02757,8.95421
Poschiavo,7742,GR,46.3253,10.05727
Posieux,1725,FR,46.76371,7.09895
Praden,7063,GR,46.82448,9.58149
Pragg-Jenaz,7231,GR,46.93848,9.70469
Prahins,1408,VD,46.73481,6.73996
Prangins,1197,VD,46.39627,6.24821
Prato (Leventina),6773,TI,46.48259,8.75482
Prato-Sornico,6694,TI,46.39413,8.66329
Pratteln,4133,BL,47.51998,7.69493
Praz (Vully),1788,FR,46.95421,7.10008
Praz-de-Fort,1943,VS,45.98813,7.12331
Pregassona,6963,TI,46.02238,8.97256
Premier,1324,VD,46.70505,6.44481
Preonzo,6523,TI,46.26333,8.99984
Presinge,1243,GE,46.2156,6.25516
Prez-vers-Noréaz,1746,FR,46.78313,7.01305
Prez-vers-Siviriez,1677,FR,46.63758,6.87577
Prilly,1008,VD,46.53675,6.60455
Promasens,1673,FR,46.60249,6.8237
Promontogno,7606,GR,46.33781,9.55614
Prosito,6526,TI,46.28182,8.98093
Prugiasco,6723,TI,46.46606,8.91362
Präz,7424,GR,46.74125,9.40412
Préverenges,1028,VD,46.51595,6.52879
Prévonloup,1682,VD,46.70034,6.88296
Prêles,2515,BE,47.09587,7.1285
Pugerna,6823,TI,45.98493,8.98357
Puidoux,1070,VD,46.49795,6.77703
Pully,1009,VD,46.5125,6.66072
Puplinge,1241,GE,46.20969,6.23176
Pura,6984,TI,45.98355,8.87051
Purasca,6989,TI,45.97888,8.84953
Putz,7224,GR,46.92635,9.7431
Péry,2603,BE,47.19261,7.24786
Quarten,8883,SG,47.10668,9.2392
Quartino,6572,TI,46.15283,8.89671
Quinten,8878,SG,47.13023,9.21684
Quinto,6777,TI,46.51079,8.71885
Rabius,7172,GR,46.73469,8.95881
Radelfingen b. Aarberg,3271,BE,47.02182,7.27404
Rafz,8197,ZH,47.6126,8.53935
Rain,6026,LU,47.12853,8.25282
Ramiswil,4719,SO,47.34944,7.65793
Ramlinsburg,4433,BL,47.44951,7.76435
Ramosch,7556,GR,46.83455,10.3818
Ramsei,3435,BE,46.99839,7.70936
Ramsen,8262,SH,47.70721,8.81356
Rancate,6862,TI,45.87103,8.96867
Rances,1439,VD,46.76237,6.53095
Randa,3928,VS,46.09902,7.78299
Randogne,3975,VS,46.31015,7.50271
Ranflüh,3439,BE,46.99125,7.74363
Ranzo,6577,TI,46.11251,8.77302
Raperswilen,8558,TG,47.63643,9.04763
Rapperswil BE,3255,BE,47.06461,7.4075
Rapperswil SG,8640,SG,47.2282,8.82335
Raron,3942,VS,46.30795,7.80126
Ravoire,1928,VS,46.09913,7.04884
Realp,6491,UR,46.59401,8.4973
Rebeuvelier,2832,JU,47.32544,7.41597
Rebstein,9445,SG,47.39887,9.58497
Recherswil,4565,SO,47.1603,7.59538
Rechthalten,1718,FR,46.76669,7.24427
Reckingen VS,3998,VS,46.46997,8.24403
Reconvilier,2732,BE,47.23499,7.22395
Regensberg,8158,ZH,47.48228,8.4378
Regensdorf,8105,ZH,47.43243,8.46738
Rehetobel,9038,AR,47.42667,9.48185
Reichenbach im Kandertal,3713,BE,46.62139,7.68984
Reichenburg,8864,SZ,47.1692,8.97952
Reiden,6260,LU,47.24441,7.97363
Reigoldswil,4418,BL,47.39789,7.69035
Reinach AG,5734,AG,47.25623,8.18272
Reinach BL,4153,BL,47.49837,7.59362
Reisiswil,4919,BE,47.1636,7.84277
Reitnau,5057,AG,47.25203,8.04198
Rekingen AG,5332,AG,47.57117,8.31991
Remaufens,1617,FR,46.52998,6.88012
Remetschwil,5453,AG,47.40954,8.32481
Remigen,5236,AG,47.51577,8.18995
Renan BE,2616,BE,47.1227,6.92312
Renens VD,1020,VD,46.5379,6.58942
Rennaz,1847,VD,46.37689,6.91992
Reute AR,9411,AR,47.41285,9.5742
Reutigen,3647,BE,46.69494,7.62115
Reverolle,1128,VD,46.54134,6.4381
Rheinau,8462,ZH,47.64077,8.60265
Rheineck,9424,SG,47.46721,9.58492
Rheinfelden,4310,AG,47.55169,7.79224
Rheinsulz,5084,AG,47.55524,8.08948
Rhäzüns,7403,GR,46.79861,9.39692
Riaz,1632,FR,46.64007,7.058
Riazzino,6595,TI,46.17872,8.88932
Richenthal,6263,LU,47.21318,7.94002
Richigen,3078,BE,46.91811,7.58223
Richterswil,8805,ZH,47.20745,8.69861
Ricken SG,8726,SG,47.25991,9.03647
Rickenbach BL,4462,BL,47.48441,7.85126
Rickenbach LU,6221,LU,47.22218,8.15369
Rickenbach SO,4613,SO,47.34212,7.85393
Rickenbach ZH,8545,ZH,47.55196,8.79613
Rickenbach b. Schwyz,6432,SZ,47.0127,8.67444
Rickenbach b. Wil,9532,TG,47.44858,9.04943
Riddes,1908,VS,46.17145,7.22199
Ried (Frutigen),3724,BE,46.56153,7.60732
Ried b. Kerzers,3216,FR,46.95717,7.18613
Ried-Brig,3911,VS,46.31388,8.01582
Ried-Mörel,3986,VS,46.35715,8.03091
Rieden SG,8739,SG,47.22294,9.05094
Riederalp,3987,VS,46.37858,8.03456
Riedholz,4533,SO,47.23263,7.56694
Riedikon,8616,ZH,47.3319,8.71285
Riedstätt,3159,BE,46.78566,7.32585
Riedtwil,3475,BE,47.14197,7.69605
Riehen,4125,BS,47.57781,7.64759
Riein,7128,GR,46.74799,9.23635
Rietheim,5323,AG,47.6005,8.27862
Riex,1097,VD,46.49497,6.73734
Riffenmatt,3156,BE,46.76571,7.34632
Rifferswil,8911,ZH,47.24413,8.49561
Riggisberg,3132,BE,46.81046,7.47761
Rigi Kaltbad,6356,LU,47.04472,8.46733
Rikon im Tösstal,8486,ZH,47.44607,8.79714
Ringgenberg BE,3852,BE,46.70331,7.89623
Riniken,5223,AG,47.49098,8.18726
Riom,7463,GR,46.60907,9.58184
Riva San Vitale,6826,TI,45.9028,8.97116
Rivera,6802,TI,46.12082,8.9214
Rizenbach,3206,BE,46.94372,7.22651
Robasacco,6599,TI,46.14207,8.94585
Roche VD,1852,VD,46.36016,6.92965
Rochefort,2019,NE,46.98068,6.80784
Roches BE,2762,BE,47.30244,7.37931
Rocourt,2907,JU,47.39049,6.95745
Rodels,7415,GR,46.73655,9.44378
Rodersdorf,4118,SO,47.48164,7.45826
Rodi-Fiesso,6772,TI,46.4908,8.73759
Roggenburg,2814,BL,47.43367,7.34084
Roggliswil,6265,LU,47.21318,7.88542
Roggwil BE,4914,BE,47.24075,7.82059
Roggwil TG,9325,TG,47.50318,9.39887
Rohrbach,4938,BE,47.13612,7.81649
Rohrmatt,6132,LU,47.09507,7.98221
Rolle,1180,VD,46.45789,6.33528
Romainmôtier,1323,VD,46.69422,6.46446
Romanel-sur-Lausanne,1032,VD,46.56294,6.60389
Romanel-sur-Morges,1122,VD,46.55557,6.50954
Romanens,1626,FR,46.65188,6.97362
Romanshorn,8590,TG,47.56559,9.36944
Rombach,5022,AG,47.40491,8.04777
Romont BE,2538,BE,47.18955,7.34008
Romont FR,1680,FR,46.69409,6.91338
Romoos,6113,LU,47.00771,8.01608
Rona,7454,GR,46.56032,9.62519
Ronco sopra Ascona,6622,TI,46.14633,8.7266
Root,6037,LU,47.1126,8.3889
Root D4,6039,LU,47.10354,8.37417
Ropraz,1088,VD,46.61177,6.75351
Rorschach,9400,SG,47.47574,9.49272
Rorschacherberg,9404,SG,47.47111,9.50456
Rossa,6548,GR,46.37701,9.12492
Rossemaison,2842,JU,47.34615,7.3451
Rossens FR,1728,FR,46.72008,7.10335
Rosshäusern,3204,BE,46.93624,7.28476
Rossinière,1658,VD,46.46749,7.08298
Rossrüti,9512,SG,47.47688,9.06254
Rosswald,3913,VS,46.30483,8.04342
Rothenbrunnen,7405,GR,46.76819,9.42685
Rothenburg,6023,LU,47.09847,8.26914
Rothenfluh,4467,BL,47.46227,7.91444
Rothenthurm,6418,SZ,47.103,8.6754
Rothrist,4852,AG,47.30331,7.88548
Rotkreuz,6343,ZG,47.14076,8.43003
Rottenschwil,8919,AG,47.31448,8.36328
Rougemont,1659,VD,46.49069,7.20892
Roveredo GR,6535,GR,46.23533,9.12686
Roveredo TI,6957,TI,46.07352,8.9831
Rovio,6821,TI,45.93435,8.98616
Rovray,1463,VD,46.78714,6.76753
Rubigen,3113,BE,46.89809,7.5437
Rudolfingen,8465,ZH,47.64017,8.67394
Rudolfstetten,8964,AG,47.36822,8.37872
Rueras,7189,GR,46.67179,8.74153
Rueun,7156,GR,46.77961,9.14798
Rueyres,1046,VD,46.69393,6.69453
Rueyres-les-Prés,1542,FR,46.85942,6.91517
Rufi,8723,SG,47.18233,9.05341
Ruggell,9491,,47.23881,9.52592
Rumisberg,4539,BE,47.26603,7.64176
Rupperswil,5102,AG,47.40132,8.1282
Ruschein,7154,GR,46.78547,9.19092
Russikon,8332,ZH,47.39498,8.77511
Russin,1281,GE,46.18911,6.01548
Ruswil,6017,LU,47.08517,8.12334
Rutschwil (Dägerlen),8471,ZH,47.55687,8.73091
Ruvigliana,6977,TI,46.00487,8.97747
Römerswil LU,6027,LU,47.16957,8.2471
Röschenz,4244,BL,47.42529,7.47592
Röthenbach Herzogenbuchsee,3373,BE,47.20431,7.68187
Röthenbach im Emmental,3538,BE,46.86103,7.7388
Rüderswil,3437,BE,46.98384,7.72068
Rüdlingen,8455,SH,47.58041,8.56878
Rüedisbach,3474,BE,47.11982,7.69897
Rüeggisberg,3088,BE,46.82264,7.43866
Rüegsau,3417,BE,47.02516,7.67265
Rüegsbach,3418,BE,47.04142,7.69673
Rüfenach AG,5235,AG,47.50807,8.21363
Rüfenacht BE,3075,BE,46.93034,7.53525
Rümikon AG,5464,AG,47.56562,8.37521
Rümlang,8153,ZH,47.44988,8.52969
Rümlingen,4444,BL,47.42482,7.84886
Rünenberg,4497,BL,47.43362,7.88262
Rüschegg Gambach,3153,BE,46.7769,7.37933
Rüschegg Heubach,3154,BE,46.78028,7.40488
Rüschlikon,8803,ZH,47.30696,8.55267
Rüthi (Rheintal),9464,SG,47.29095,9.53809
Rüti GL,8782,GL,46.93555,9.01468
Rüti ZH,8630,ZH,47.25649,8.85485
Rüti b. Büren,3295,BE,47.15143,7.40563
Rüti b. Riggisberg,3099,BE,46.78395,7.45934
Rütschelen,4933,BE,47.17485,7.7752
Rüttenen,4522,SO,47.23235,7.52966
S-chanf,7525,GR,46.61289,9.98609
S. Antonino,6592,TI,46.15493,8.97883
S. Antonio (Val Morobbia),6583,TI,46.16993,9.06575
S. Benedetg,7174,GR,46.73489,8.93942
S. Bernardino,6565,GR,46.4578,9.1951
S. Carlo (Poschiavo),7741,GR,46.34535,10.06423
S. Nazzaro,6575,TI,46.13384,8.80725
S. Pietro,6854,TI,45.85783,8.9378
S. Vittore,6534,GR,46.23889,9.1047
Saanen,3792,BE,46.4891,7.26188
Saanenmöser,3777,BE,46.51566,7.30818
Saas im Prättigau,7247,GR,46.91145,9.81241
Saas-Almagell,3905,VS,46.09507,7.95775
Saas-Balen,3908,VS,46.14976,7.92868
Saas-Fee,3906,VS,46.10982,7.92816
Saas-Grund,3910,VS,46.12658,7.93807
Sachseln,6072,OW,46.86526,8.23501
Safenwil,5745,AG,47.32162,7.98207
Safien Platz,7107,GR,46.69534,9.31487
Safnern,2553,BE,47.15028,7.32282
Sagno,6839,TI,45.85676,9.03895
Sagogn,7152,GR,46.79186,9.25618
Saignelégier,2350,JU,47.25685,6.99633
Saillon,1913,VS,46.16978,7.18614
Sala Capriasca,6954,TI,46.06657,8.95563
Saland,8493,ZH,47.38755,8.85723
Salavaux,1585,VD,46.9169,7.02645
Salez,9465,SG,47.23713,9.49938
Salgesch,3970,VS,46.31104,7.57074
Salins,1991,VS,46.2102,7.35598
Salmsach,8599,TG,47.55351,9.36918
Salorino,6872,TI,45.87574,8.99374
Salouf,7462,GR,46.62642,9.57389
Salvan,1922,VS,46.12012,7.0204
Salvenach,1794,FR,46.91265,7.15074
Samedan,7503,GR,46.53429,9.87152
Samnaun Dorf,7563,GR,46.94884,10.36546
Samnaun-Compatsch,7562,GR,46.95999,10.39936
Samstagern,8833,ZH,47.19392,8.68043
Sangernboden,1738,BE,46.72324,7.35274
Sargans,7320,SG,47.04923,9.43985
Sarmenstorf,5614,AG,47.31102,8.24977
Sarn,7423,GR,46.72056,9.40381
Sarnen,6060,OW,46.89574,8.24591
Sassel,1534,VD,46.77636,6.85749
Satigny,1242,GE,46.2148,6.03852
Sattel,6417,SZ,47.07717,8.63623
Saubraz,1189,VD,46.51436,6.32997
Saulcy,2873,JU,47.30266,7.15623
Savagnier,2065,NE,47.04998,6.95417
Savigny,1073,VD,46.5415,6.72272
Savièse,1965,VS,46.25379,7.34725
Savognin,7460,GR,46.59746,9.59903
Savosa,6942,TI,46.01874,8.9445
Sax,9468,SG,47.22999,9.4543
Saxeten,3813,BE,46.63605,7.83174
Saxon,1907,VS,46.1479,7.17648
Says,7202,GR,46.90446,9.58036
Schaan,9494,,47.16649,9.51165
Schaanwald,9486,,47.21197,9.56191
Schachen LU,6105,LU,47.03512,8.13875
Schachen b. Herisau,9112,AR,47.38198,9.24117
Schaffhausen,8200,SH,47.70882,8.64656
Schafisheim,5503,AG,47.37788,8.14313
Schalunen,3314,BE,47.11068,7.52685
Schangnau,6197,BE,46.82027,7.87554
Scharans,7412,GR,46.71711,9.45883
Scharnachtal,3722,BE,46.61693,7.70128
Schattdorf,6467,UR,46.863,8.65088
Scheid,7419,GR,46.78157,9.45044
Schellenberg,9488,,47.23031,9.54403
Schenkon,6214,LU,47.17886,8.1347
Scherz,5246,AG,47.44746,8.18486
Scherzingen,8596,TG,47.63071,9.22551
Scheuren,2556,BE,47.13259,7.31762
Schiers,7220,GR,46.97208,9.68849
Schindellegi,8834,SZ,47.17805,8.71358
Schinznach Bad,5116,AG,47.45003,8.16924
Schinznach Dorf,5107,AG,47.44703,8.14215
Schlans,7168,GR,46.75411,9.01455
Schlatt TG,8252,TG,47.66262,8.69987
Schlatt ZH,8418,ZH,47.47386,8.82132
Schlattingen,8255,TG,47.66528,8.77033
Schleitheim,8226,SH,47.74914,8.48408
Schlierbach,6231,LU,47.2263,8.11334
Schlieren,8952,ZH,47.39801,8.44592
Schlossrued,5044,AG,47.2911,8.08869
Schlosswil,3082,BE,46.91066,7.61515
Schluein,7151,GR,46.78743,9.22816
Schmerikon,8716,SG,47.22678,8.94605
Schmidigen-Mühleweg,3464,BE,47.09448,7.74692
Schmidrüti,8495,ZH,47.41423,8.90369
Schmitten (Albula),7493,GR,46.6871,9.67327
Schmitten FR,3185,FR,46.85415,7.24756
Schneisingen,5425,AG,47.51898,8.36326
Schnottwil,3253,SO,47.11049,7.39076
Schocherswil,8581,TG,47.53758,9.26792
Schongau,6288,LU,47.26868,8.26891
Schuders,7228,GR,46.99392,9.73912
Schupfart,4325,AG,47.51436,7.96476
Schwaderloch,5326,AG,47.58572,8.14393
Schwanden (Sigriswil),3657,BE,46.74007,7.72354
Schwanden GL,8762,GL,46.99442,9.07147
Schwanden im Emmental,3433,BE,46.98068,7.69775
Schwarzenbach (Huttwil),4953,BE,47.10416,7.82947
Schwarzenbach SG,9536,SG,47.44112,9.07502
Schwarzenberg LU,6103,LU,47.01507,8.17746
Schwarzenburg,3150,BE,46.8177,7.34224
Schwarzenegg,3616,BE,46.79723,7.72907
Schwarzhäusern,4911,BE,47.25234,7.76677
Schweizersholz,9223,TG,47.50142,9.19327
Schwellbrunn,9103,AR,47.35084,9.24317
Schwenden im Diemtigtal,3757,BE,46.57275,7.48719
Schwendi im Weisstannental,7325,SG,47.01053,9.36395
Schwerzenbach,8603,ZH,47.38219,8.65589
Schwyz,6430,SZ,47.02418,8.65398
Schänis,8718,SG,47.15952,9.04864
Schöfflisdorf,8165,ZH,47.50078,8.4165
Schöftland,5040,AG,47.30592,8.05129
Schönenberg ZH,8824,ZH,47.19508,8.64472
Schönenberg an der Thur,9215,TG,47.52119,9.19841
Schönenbuch,4124,BL,47.53772,7.50343
Schönengrund,9105,SG,47.32923,9.22079
Schönenwerd,5012,SO,47.37347,8.00596
Schönholzerswilen,8577,TG,47.51581,9.13994
Schönried,3778,BE,46.50413,7.2888
Schötz,6247,LU,47.17147,7.98621
Schübelbach,8862,SZ,47.17392,8.92938
Schüpbach,3535,BE,46.92782,7.74137
Schüpfen,3054,BE,47.04143,7.37587
Schüpfheim,6170,LU,46.95155,8.01646
Scuol,7550,GR,46.79744,10.29959
Sedrun,7188,GR,46.67995,8.77784
Seedorf BE,3267,BE,47.03176,7.31453
Seedorf UR,6462,UR,46.88295,8.61212
Seelisberg,6377,UR,46.97118,8.58067
Seengen,5707,AG,47.32562,8.20753
Seewen SO,4206,SO,47.43514,7.65867
Seewen SZ,6423,SZ,47.02921,8.6339
Seewis Dorf,7212,GR,46.99211,9.63145
Seftigen,3662,BE,46.78865,7.53983
Segnas,7186,GR,46.69241,8.82891
Seleute,2888,JU,47.36672,7.1131
Selma,6545,GR,46.31964,9.11665
Seltisberg,4411,BL,47.46122,7.71888
Selzach,2545,SO,47.20491,7.45288
Sembrancher,1933,VS,46.07798,7.15055
Sementina,6514,TI,46.18263,8.99068
Semione,6714,TI,46.40642,8.96845
Sempach,6204,LU,47.13313,8.19439
Sempach Station,6203,LU,47.11635,8.19652
Semsales,1623,FR,46.57262,6.92983
Sennhof (Winterthur),8482,ZH,47.46825,8.75842
Sennwald,9466,SG,47.26063,9.50096
Sent,7554,GR,46.81729,10.33906
Seon,5703,AG,47.34833,8.16022
Serneus,7249,GR,46.89158,9.84017
Serpiano,6867,TI,45.91223,8.93001
Servion,1077,VD,46.57326,6.78158
Sessa,6997,TI,46.00059,8.81803
Seuzach,8472,ZH,47.53521,8.73399
Sevelen,9475,SG,47.12347,9.48657
Sevgein,7127,GR,46.76371,9.22055
Siat,7157,GR,46.79119,9.16072
Siblingen,8225,SH,47.71512,8.52163
Siebnen,8854,SZ,47.1741,8.90379
Siegershausen,8573,TG,47.61089,9.16826
Sierre,3960,VS,46.29224,7.53193
Siggenthal Station,5301,AG,47.5179,8.24196
Sigigen,6019,LU,47.06134,8.13571
Sigirino,6806,TI,46.08091,8.91473
Siglistorf,5462,AG,47.54489,8.37968
Signau,3534,BE,46.91656,7.72799
Sigriswil,3655,BE,46.71645,7.71887
Silenen,6473,UR,46.79232,8.67099
Sils im Domleschg,7411,GR,46.70326,9.45466
Sils/Segl Baselgia,7515,GR,46.43279,9.75714
Sils/Segl Maria,7514,GR,46.43196,9.76514
Silvaplana,7513,GR,46.45985,9.79509
Simplon Dorf,3907,VS,46.19844,8.05376
Sins,5643,AG,47.19365,8.39215
Sion,1950,VS,46.23142,7.35842
Sirnach,8370,TG,47.46346,8.99455
Siselen BE,2577,BE,47.03218,7.18856
Sisikon,6452,UR,46.94821,8.62295
Sissach,4450,BL,47.46568,7.8105
Sisseln AG,4334,AG,47.55233,7.99099
Sitterdorf,8589,TG,47.50482,9.2473
Siviriez,1678,FR,46.65784,6.8767
Soazza,6562,GR,46.36337,9.22091
Sobrio,6749,TI,46.40058,8.90159
Soglio,7610,GR,46.34215,9.53934
Solothurn,4500,SO,47.20999,7.53227
Someo,6674,TI,46.28999,8.65752
Sommentier,1688,FR,46.6374,6.91171
Sonceboz-Sombeval,2605,BE,47.19646,7.17292
Sonogno,6637,TI,46.3512,8.78242
Sonvico,6968,TI,46.06037,8.99486
Sonvilier,2615,BE,47.13879,6.96503
Soral,1286,GE,46.14269,6.04255
Sorengo,6924,TI,46.0009,8.93623
Sorens,1642,FR,46.67057,7.05294
Sornetan,2716,BE,47.27435,7.21782
Sorvilier,2736,BE,47.23903,7.30551
Sottens,1062,VD,46.65554,6.74191
Soubey,2887,JU,47.30882,7.04642
Souboz,2748,BE,47.27391,7.24245
Soulce,2864,JU,47.30392,7.27006
Soyhières,2805,JU,47.39285,7.37245
Speicher,9042,AR,47.41225,9.44329
Speicherschwendi,9037,AR,47.42584,9.43903
Spiegel b. Bern,3095,BE,46.92571,7.43421
Spiez,3700,BE,46.68588,7.67744
Spiringen,6464,UR,46.87706,8.73153
Splügen,7435,GR,46.55245,9.32252
Spreitenbach,8957,AG,47.41949,8.36689
St-Aubin FR,1566,FR,46.89056,6.98095
St-Aubin-Sauges,2024,NE,46.89218,6.77013
St-Blaise,2072,NE,47.01587,6.98846
St-Brais,2364,JU,47.30471,7.11307
St-Cergue,1264,VD,46.44823,6.15546
St-Gingolph,1898,VS,46.38839,6.81299
St-Imier,2610,BE,47.1525,6.99843
St-Livres,1176,VD,46.50799,6.38699
St-Légier-La Chiésaz,1806,VD,46.47237,6.8751
St-Léonard,1958,VS,46.25366,7.42206
St-Martin FR,1609,FR,46.57586,6.8738
St-Martin VS,1969,VS,46.17343,7.44278
St-Maurice,1890,VS,46.20621,7.00633
St-Oyens,1187,VD,46.49782,6.30634
St-Prex,1162,VD,46.48147,6.45205
St-Saphorin-sur-Morges,1113,VD,46.5469,6.48923
St-Sulpice NE,2123,NE,46.91032,6.56318
St-Sulpice VD,1025,VD,46.51279,6.56241
St-Séverin,1975,VS,46.23951,7.30573
St-Ursanne,2882,JU,47.36477,7.15628
St. Antoni,1713,FR,46.82061,7.26333
St. Antönien,7246,GR,46.97333,9.8288
St. Erhard,6212,LU,47.18446,8.07348
St. Gallen,9000,SG,47.42229,9.36824
St. Gallenkappel,8735,SG,47.24599,8.96698
St. Margarethen TG,9543,TG,47.48748,9.00231
St. Margrethen SG,9430,SG,47.45107,9.63601
St. Margrethenberg,7313,SG,46.97835,9.50964
St. Moritz,7500,GR,46.48553,9.83353
St. Niklaus VS,3924,VS,46.17915,7.81001
St. Niklausen OW,6066,OW,46.87772,8.28442
St. Pantaleon,4421,SO,47.46101,7.69064
St. Peter,7028,GR,46.83727,9.65114
St. Peterzell,9127,SG,47.32031,9.17665
St. Silvester,1736,FR,46.74136,7.22078
St. Stephan,3772,BE,46.51032,7.39364
St. Urban,4915,LU,47.22875,7.84337
St. Ursen,1717,FR,46.78913,7.21662
Sta. Maria Val Müstair,7536,GR,46.60293,10.42402
Sta. Maria in Calanca,6541,GR,46.26431,9.14235
Staad SG,9422,SG,47.4792,9.54109
Stabio,6855,TI,45.8505,8.93818
Stadel b. Niederglatt,8174,ZH,47.52908,8.46483
Staffelbach,5053,AG,47.28302,8.04376
Stalden (Sarnen),6063,OW,46.88498,8.19617
Stalden VS,3922,VS,46.23415,7.87003
Staldenried,3933,VS,46.22752,7.88862
Stallikon,8143,ZH,47.33384,8.48737
Stampa,7605,GR,46.34417,9.58338
Stans,6370,NW,46.96094,8.36409
Stansstad,6362,NW,46.97575,8.33991
Starrkirch-Wil,4656,SO,47.34859,7.92677
Staufen,5603,AG,47.38261,8.16695
Ste-Croix,1450,VD,46.82241,6.50282
Stechelberg,3824,BE,46.55118,7.90459
Steckborn,8266,TG,47.66316,8.98201
Steffisburg,3612,BE,46.7743,7.62521
Steg VS,3940,VS,46.31416,7.74944
Steg im Tösstal,8496,ZH,47.35107,8.93769
Stehrenberg,9503,TG,47.52269,9.08969
Stein AG,4332,AG,47.54369,7.95303
Stein AR,9063,AR,47.37396,9.3429
Stein SG,9655,SG,47.20024,9.22596
Stein am Rhein,8260,SH,47.65992,8.85786
Steinach,9323,SG,47.50047,9.43798
Steinebrunn,9314,TG,47.53366,9.34625
Steinen,6422,SZ,47.04963,8.61073
Steinerberg,6416,SZ,47.05603,8.58561
Steinhausen,6312,ZG,47.19615,8.4862
Steinhuserberg,6114,LU,47.04623,8.04635
Steinmaur,8162,ZH,47.49586,8.45149
Stels,7226,GR,46.96637,9.73017
Sternenberg,8499,ZH,47.38884,8.91151
Stetten AG,5608,AG,47.40115,8.30751
Stetten SH,8234,SH,47.73864,8.66124
Stettfurt,9507,TG,47.5254,8.95411
Stettlen,3066,BE,46.95932,7.52622
Stierva,7459,GR,46.66304,9.53923
Stilli,5233,AG,47.51808,8.23133
Stoos SZ,6433,SZ,46.97756,8.66533
Strada,7558,GR,46.86408,10.43492
Strengelbach,4802,AG,47.28105,7.92881
Studen BE,2557,BE,47.11217,7.30227
Studen SZ,8845,SZ,47.06953,8.8427
Stäfa,8712,ZH,47.24259,8.72685
Stüsslingen,4655,SO,47.39171,7.97038
Suberg,3262,BE,47.05822,7.33945
Subingen,4553,SO,47.19536,7.61362
Suchy,1433,VD,46.72334,6.59907
Sufers,7434,GR,46.57198,9.367
Sugiez,1786,FR,46.9632,7.11474
Sugnens,1043,VD,46.65571,6.67215
Suhr,5034,AG,47.37659,8.07415
Sulgen,8583,TG,47.53976,9.18666
Sullens,1036,VD,46.59218,6.56658
Sulz AG,5085,AG,47.53501,8.09644
Sumiswald,3454,BE,47.03246,7.74968
Summaprada,7421,GR,46.71363,9.43199
Sumvitg,7175,GR,46.72923,8.93505
Sur,7456,GR,46.52417,9.63749
Surava,7472,GR,46.66591,9.61646
Surcasti,7115,GR,46.69691,9.17708
Surcuolm,7138,GR,46.75901,9.14239
Surpierre,1528,FR,46.74611,6.85893
Surrein,7173,GR,46.71294,8.9478
Sursee,6210,LU,47.17171,8.10906
Susch,7542,GR,46.75034,10.07859
Suscévaz,1437,VD,46.76475,6.57997
Susten,3952,VS,46.30401,7.64525
Sutz,2572,BE,47.1003,7.21568
Sâles (Gruyère),1625,FR,46.63333,6.97019
Säriswil,3049,BE,46.99297,7.33726
Sédeilles,1554,VD,46.74818,6.93329
Sévery,1141,VD,46.57525,6.43921
Sörenberg,6174,LU,46.82274,8.03193
Süderen,3618,BE,46.82357,7.76488
Tafers,1712,FR,46.8152,7.21917
Tagelswangen,8317,ZH,47.43052,8.67223
Tamins,7015,GR,46.82954,9.40773
Tann,8632,ZH,47.26699,8.84981
Tarasp,7553,GR,46.77854,10.26108
Tartar,7422,GR,46.71862,9.41949
Tavanasa,7162,GR,46.75589,9.0664
Tavannes,2710,BE,47.22151,7.19874
Taverne,6807,TI,46.06364,8.92842
Tecknau,4492,BL,47.45013,7.88392
Tegerfelden,5306,AG,47.56117,8.28682
Tegna,6652,TI,46.18584,8.74399
Tenero,6598,TI,46.1793,8.84971
Tenna,7106,GR,46.74791,9.33837
Tenniken,4456,BL,47.4373,7.81217
Tennwil,5617,AG,47.30594,8.22205
Tentlingen,1734,FR,46.76914,7.19724
Termen,3912,VS,46.32722,8.02245
Tersnaus,7116,GR,46.69195,9.18464
Tesserete,6950,TI,46.06939,8.96833
Teufen AR,9053,AR,47.39044,9.39076
Teufen ZH,8428,ZH,47.54985,8.56776
Teufenthal AG,5723,AG,47.32894,8.11926
Teuffenthal b. Thun,3623,BE,46.77064,7.71402
Thal,9425,SG,47.46853,9.56754
Thalheim AG,5112,AG,47.43792,8.1025
Thalheim an der Thur,8478,ZH,47.58147,8.74663
Thalkirch,7109,GR,46.65498,9.28356
Thalwil,8800,ZH,47.29322,8.56196
Thayngen,8240,SH,47.74894,8.70778
Therwil,4106,BL,47.4992,7.55673
Thierachern,3634,BE,46.75471,7.57704
Thierrens,1410,VD,46.70339,6.75525
Thun,3600,BE,46.75083,7.6102
Thundorf,8512,TG,47.54745,8.96286
Thusis,7430,GR,46.69728,9.4381
Thônex,1226,GE,46.19583,6.2074
Thörigen,3367,BE,47.17408,7.72768
Thörishaus,3174,BE,46.89863,7.3555
Thürnen,4441,BL,47.45573,7.82866
Tiefencastel,7450,GR,46.66216,9.57523
Tinizong,7453,GR,46.58276,9.62505
Titterten,4425,BL,47.40223,7.71633
Tobel,9555,TG,47.51544,9.03292
Toffen,3125,BE,46.86016,7.49281
Tolochenaz,1131,VD,46.50311,6.47701
Torgon,1899,VS,46.31695,6.87288
Torny-le-Grand,1748,FR,46.77048,6.9667
Torricella,6808,TI,46.06542,8.92228
Trachselwald,3456,BE,47.01651,7.74129
Tramelan,2720,BE,47.22342,7.10308
Trans,7407,GR,46.76194,9.4661
Trasadingen,8219,SH,47.66752,8.43066
Travers,2105,NE,46.94111,6.67525
Treiten,3226,BE,47.00884,7.16115
Tremona,6865,TI,45.87988,8.95692
Trey,1552,VD,46.771,6.92217
Treycovagnes,1436,VD,46.77598,6.61165
Treytorrens (Payerne),1538,VD,46.77191,6.80031
Treyvaux,1733,FR,46.72782,7.13701
Triboltingen,8273,TG,47.66101,9.10822
Triengen,6234,LU,47.23587,8.07754
Trient,1929,VS,46.05571,6.98511
Triesen,9495,,47.10913,9.52792
Triesenberg,9497,,47.11872,9.54825
Trimbach,4632,SO,47.36377,7.90039
Trimmis,7203,GR,46.90056,9.56177
Trimstein,3083,BE,46.90376,7.57896
Trin,7014,GR,46.82862,9.35943
Trin Mulin,7016,GR,46.83265,9.33924
Trogen,9043,AR,47.40491,9.46544
Troinex,1256,GE,46.16467,6.14627
Troistorrents,1872,VS,46.23438,6.92227
Trub,3556,BE,46.95149,7.87459
Trubschachen,3555,BE,46.92136,7.84247
Trun,7166,GR,46.7427,8.98609
Truttikon,8467,ZH,47.62955,8.72702
Trélex,1270,VD,46.41677,6.20275
Trübbach,9477,SG,47.07343,9.47998
Trüllikon,8466,ZH,47.63797,8.69108
Tschappina,7428,GR,46.6891,9.37635
Tscheppach,4576,SO,47.14543,7.47921
Tschiertschen,7064,GR,46.81532,9.60519
Tschierv,7532,GR,46.62758,10.33645
Tschingel ob Gunten,3656,BE,46.72444,7.70515
Tschlin,7559,GR,46.87024,10.42509
Tschugg,3233,BE,47.02619,7.07568
Tuggen,8856,SZ,47.20182,8.94184
Tumegl/Tomils,7418,GR,46.76208,9.44264
Turbach,3781,BE,46.47621,7.33404
Turbenthal,8488,ZH,47.43857,8.84869
Turgi,5300,AG,47.49071,8.25439
Turtmann,3946,VS,46.30205,7.70297
Tuttwil,9546,TG,47.48168,8.94528
Twann,2513,BE,47.09851,7.1623
Tägerig,5522,AG,47.40377,8.27896
Tägerschen,9554,TG,47.50799,9.02899
Tägertschi,3111,BE,46.87647,7.58426
Tägerwilen,8274,TG,47.65459,9.13298
Täsch,3929,VS,46.0682,7.77908
Täuffelen,2575,BE,47.06667,7.19946
Törbel,3923,VS,46.23824,7.85104
Tübach,9327,SG,47.48515,9.45228
Tüscherz-Alfermée,2512,BE,47.11671,7.19823
Udligenswil,6044,LU,47.08978,8.39963
Ueberstorf,3182,FR,46.86875,7.32063
Uebeschi,3635,BE,46.73894,7.55196
Ueken,5028,AG,47.48402,8.04957
Uerikon,8713,ZH,47.23742,8.7552
Uerkheim,4813,AG,47.30358,8.02151
Uesslingen,8524,TG,47.58231,8.82961
Uetendorf,3661,BE,46.77408,7.58117
Uetikon am See,8707,ZH,47.26688,8.68123
Uetliburg SG,8738,SG,47.23713,9.03312
Uettligen,3043,BE,46.98691,7.38252
Uffikon,6253,LU,47.21235,8.0201
Ufhusen,6153,LU,47.11269,7.89487
Uhwiesen,8248,ZH,47.67122,8.63475
Uitikon Waldegg,8142,ZH,47.36782,8.45875
Ulisbach,9631,SG,47.28544,9.10509
Ulmiz,3214,FR,46.93343,7.19877
Ulrichen,3988,VS,46.50587,8.30775
Umiken,5222,AG,47.48273,8.19007
Undervelier,2863,JU,47.30291,7.2244
Unterbach BE,3857,BE,46.739,8.11784
Unterbäch VS,3944,VS,46.2832,7.79708
Untereggen,9033,SG,47.45234,9.44858
Unterems,3948,VS,46.29113,7.69506
Unterendingen,5305,AG,47.54673,8.291
Unterengstringen,8103,ZH,47.41323,8.44954
Unterentfelden,5035,AG,47.36941,8.04343
Unteriberg,8842,SZ,47.05866,8.80341
Unterkulm,5726,AG,47.31238,8.11212
Unterlangenegg,3614,BE,46.79622,7.6934
Unterlunkhofen,8918,AG,47.32209,8.38124
Unterramsern,4588,SO,47.11997,7.48333
Unterschächen,6465,UR,46.86526,8.77756
Untersiggenthal,5417,AG,47.49937,8.25802
Unterstammheim,8476,ZH,47.63857,8.78996
Untersteckholz,4916,BE,47.20588,7.84396
Unterterzen,8882,SG,47.1124,9.25012
Untervaz,7204,GR,46.92775,9.53753
Unterwasser,9657,SG,47.19896,9.31069
Unterägeri,6314,ZG,47.13601,8.58051
Uors (Lumnezia),7114,GR,46.70119,9.18387
Urdorf,8902,ZH,47.38653,8.42536
Urmein,7427,GR,46.69688,9.39138
Urnerboden,8751,UR,46.89235,8.90837
Urnäsch,9107,AR,47.31183,9.27607
Ursenbach,4937,BE,47.13581,7.77163
Ursy,1670,FR,46.6338,6.83872
Urtenen-Schönbühl,3322,BE,47.02242,7.49986
Uster,8610,ZH,47.34857,8.71816
Uttigen,3628,BE,46.79409,7.57749
Uttwil,8592,TG,47.58315,9.34276
Utzenstorf,3427,BE,47.12982,7.55505
Utzigen,3068,BE,46.96039,7.56847
Uznach,8730,SG,47.22587,8.98393
Uzwil,9240,SG,47.43687,9.13341
Vacallo,6833,TI,45.84553,9.03398
Vadura,7314,SG,46.95715,9.48623
Vaduz,9490,,47.14314,9.51753
Vaglio,6947,TI,46.06085,8.95689
Val-d'Illiez,1873,VS,46.20112,6.89138
Valangin,2042,NE,47.01685,6.90544
Valbella,7077,GR,46.74974,9.55058
Valchava,7535,GR,46.60107,10.40575
Valendas,7122,GR,46.78452,9.28631
Valens,7317,SG,46.97137,9.47856
Valeyres-sous-Montagny,1441,VD,46.79837,6.6111
Valeyres-sous-Rances,1358,VD,46.75275,6.52394
Valeyres-sous-Ursins,1412,VD,46.74537,6.65479
Vallamand,1586,VD,46.92931,7.03907
Vallorbe,1337,VD,46.71349,6.38145
Vals,7132,GR,46.6146,9.17683
Valzeina,7213,GR,46.94477,9.60806
Vandoeuvres,1253,GE,46.21559,6.20285
Vattiz,7146,GR,46.70819,9.15703
Vauderens,1675,FR,46.62281,6.84977
Vauffelin,2537,BE,47.18787,7.29914
Vaulion,1325,VD,46.68776,6.38726
Vaulruz,1627,FR,46.62133,6.98789
Vaumarcus,2028,NE,46.87716,6.75427
Vaux-sur-Morges,1126,VD,46.53564,6.46375
Vaz/Obervaz,7082,GR,46.6966,9.53131
Vella,7144,GR,46.71819,9.17182
Veltheim AG,5106,AG,47.43612,8.14845
Vendlincourt,2943,JU,47.45195,7.15031
Venthône,3973,VS,46.30665,7.52804
Verbier,1936,VS,46.09997,7.22733
Vercorin,3967,VS,46.25593,7.53038
Verdabbio,6538,GR,46.26809,9.15782
Vermes,2829,JU,47.32515,7.4775
Vernamiège,1961,VS,46.21083,7.43427
Vernate,6992,TI,45.99389,8.88639
Vernayaz,1904,VS,46.13599,7.04076
Vernier,1214,GE,46.21303,6.08049
Vers-chez-Perrin,1551,VD,46.79869,6.94499
Vers-l'Eglise,1864,VD,46.35705,7.1218
Versam,7104,GR,46.7881,9.33367
Verscio,6653,TI,46.18452,8.73142
Versegères,1947,VS,46.06607,7.23074
Versoix,1290,GE,46.28372,6.16015
Vessy,1234,GE,46.17193,6.15797
Vevey,1800,VD,46.46297,6.8476
Vex,1981,VS,46.21119,7.39769
Veyras,3968,VS,46.30282,7.53713
Veyrier,1255,GE,46.16717,6.17844
Veysonnaz,1993,VS,46.19541,7.33739
Vezia,6943,TI,46.02441,8.93745
Vezio,6938,TI,46.04516,8.88289
Viano,7747,GR,46.25282,10.14455
Vico Morcote,6921,TI,45.93078,8.92386
Vicosoprano,7603,GR,46.35321,9.62403
Vicques,2824,JU,47.34985,7.41247
Viganello,6962,TI,46.01289,8.9703
Vignogn,7147,GR,46.69954,9.15558
Vilars NE,2063,NE,47.03163,6.92756
Villa Luganese,6966,TI,46.05317,8.99395
Villaraboud,1679,FR,46.66133,6.91099
Villarepos,1583,FR,46.88389,7.0767
Villariaz,1685,FR,46.66266,6.94098
Villarimboud,1691,FR,46.73954,6.96294
Villarlod,1695,FR,46.70232,7.02398
Villars-Burquin,1423,VD,46.84751,6.62823
Villars-Mendraz,1061,VD,46.64631,6.72876
Villars-Ste-Croix,1029,VD,46.56735,6.56355
Villars-Tiercelin,1058,VD,46.62616,6.70548
Villars-le-Comte,1515,VD,46.71065,6.79905
Villars-le-Grand,1584,VD,46.90572,6.99049
Villars-sous-Yens,1168,VD,46.51055,6.42973
Villars-sur-Fontenais,2903,JU,47.38705,7.07961
Villars-sur-Glâne,1752,FR,46.79303,7.1256
Villars-sur-Ollon,1884,VD,46.29926,7.0589
Villarsiviriaux,1694,FR,46.69805,7.01179
Villarvolard,1651,FR,46.64493,7.10904
Villarzel,1555,VD,46.74788,6.91276
Villaz-St-Pierre,1690,FR,46.7205,6.95793
Villeneuve FR,1527,FR,46.74709,6.86874
Villeneuve VD,1844,VD,46.3968,6.93055
Villeret,2613,BE,47.15817,7.01689
Villiers,2057,NE,47.07515,6.97168
Villigen,5234,AG,47.52481,8.21673
Villmergen,5612,AG,47.34823,8.24726
Villnachern,5213,AG,47.47117,8.16122
Vilters,7324,SG,47.0263,9.45183
Vinelz,3234,BE,47.03344,7.11174
Vionnaz,1895,VS,46.31068,6.90247
Vira (Gambarogno),6574,TI,46.14069,8.84216
Visp,3930,VS,46.29314,7.88148
Visperterminen,3932,VS,46.26179,7.89828
Vitznau,6354,LU,47.01267,8.48296
Vnà,7557,GR,46.84337,10.36312
Vogorno,6632,TI,46.22271,8.86095
Volken,8459,ZH,47.57482,8.62551
Volketswil,8604,ZH,47.39023,8.68024
Vollèges,1941,VS,46.08591,7.16764
Vordemwald,4803,AG,47.27499,7.90133
Vorderthal,8857,SZ,47.12556,8.89843
Vouvry,1896,VS,46.33718,6.88855
Vrin,7149,GR,46.6531,9.09567
Vuadens,1628,FR,46.61583,7.01876
Vuarmarens,1674,FR,46.64397,6.82925
Vuarrens,1418,VD,46.68768,6.64753
Vucherens,1509,VD,46.62526,6.77747
Vufflens-la-Ville,1302,VD,46.5783,6.53776
Vufflens-le-Château,1134,VD,46.52685,6.46879
Vugelles-La Mothe,1431,VD,46.8225,6.57414
Vuissens,1486,FR,46.7369,6.76458
Vuisternens-devant-Romont,1687,FR,46.65122,6.92866
Vuisternens-en-Ogoz,1696,FR,46.70603,7.05442
Vuiteboeuf,1445,VD,46.80642,6.55301
Vulliens,1085,VD,46.62225,6.79289
Vullierens,1115,VD,46.57448,6.48341
Vulpera,7552,GR,46.78719,10.28743
Vättis,7315,SG,46.91133,9.44008
Vésenaz,1222,GE,46.24177,6.20276
Vétroz,1963,VS,46.22164,7.2774
Wabern,3084,BE,46.92869,7.45493
Wagen,8646,SG,47.23377,8.88367
Wahlen b. Laufen,4246,BL,47.40141,7.51537
Wahlendorf,3046,BE,47.00601,7.33727
Walchwil,6318,ZG,47.10214,8.51622
Wald AR,9044,AR,47.41524,9.49564
Wald ZH,8636,ZH,47.27841,8.91407
Walde SG,8727,SG,47.27072,9.01635
Waldenburg,4437,BL,47.38128,7.74716
Waldkirch,9205,SG,47.46731,9.28598
Waldstatt,9104,AR,47.35706,9.28445
Walenstadt,8880,SG,47.12378,9.31524
Walkringen,3512,BE,46.94624,7.61607
Wallbach,4323,AG,47.55937,7.90249
Wallisellen,8304,ZH,47.41634,8.59477
Walliswil b. Wangen,3377,BE,47.23038,7.68193
Walperswil,3272,BE,47.06025,7.22867
Waltalingen,8468,ZH,47.62167,8.7776
Waltensburg/Vuorz,7158,GR,46.77715,9.10858
Waltenschwil,5622,AG,47.33498,8.30089
Walterswil BE,4942,BE,47.1101,7.7764
Walterswil SO,5746,SO,47.32614,7.96776
Walzenhausen,9428,AR,47.4461,9.60403
Wangen SZ,8855,SZ,47.19288,8.89175
Wangen an der Aare,3380,BE,47.23268,7.65234
Wangen b. Dübendorf,8602,ZH,47.41068,8.6456
Wangen b. Olten,4612,SO,47.3439,7.87127
Wangenried,3374,BE,47.2189,7.65643
Wangs,7323,SG,47.02971,9.43165
Wanzwil,3372,BE,47.20041,7.69249
Warth,8532,TG,47.58408,8.87591
Wasen im Emmental,3457,BE,47.04206,7.80341
Wassen UR,6484,UR,46.70362,8.59991
Wasterkingen,8195,ZH,47.59029,8.47104
Wattenwil,3665,BE,46.76599,7.50604
Wattwil,9630,SG,47.2993,9.08923
Wauwil,6242,LU,47.18592,8.0239
Weesen,8872,SG,47.13556,9.09757
Wegenstetten,4317,AG,47.49759,7.93129
Weggis,6353,LU,47.03301,8.43391
Weiach,8187,ZH,47.55675,8.43647
Weier im Emmental,3462,BE,47.06213,7.75016
Weinfelden,8570,TG,47.56638,9.11022
Weingarten-Kalthäusern,9508,TG,47.52472,8.98313
Weiningen ZH,8104,ZH,47.41948,8.43594
Weissbad,9057,AI,47.30214,9.42663
Weissenburg,3764,BE,46.65799,7.4817
Weisslingen,8484,ZH,47.43099,8.76724
Weisstannen,7326,SG,46.98951,9.33482
Weite,9476,SG,47.09196,9.49615
Welschenrohr,4716,SO,47.28074,7.52587
Wengen,3823,BE,46.60459,7.92092
Wengi b. Büren,3251,BE,47.08496,7.39171
Wenslingen,4493,BL,47.44092,7.90774
Wermatswil,8615,ZH,47.36306,8.74247
Wernetshausen,8342,ZH,47.29715,8.86649
Werthenstein,6106,LU,47.05771,8.10057
Wettingen,5430,AG,47.46572,8.32589
Wettswil,8907,ZH,47.3353,8.47554
Wetzikon ZH,8620,ZH,47.32852,8.80405
Wichtrach,3114,BE,46.84437,7.57397
Widen,8967,AG,47.36722,8.35918
Widnau,9443,SG,47.4049,9.63848
Wiedlisbach,4537,BE,47.25102,7.64658
Wienacht-Tobel,9405,AR,47.46553,9.53632
Wiesendangen,8542,ZH,47.52348,8.78746
Wiezikon b. Sirnach,8372,TG,47.45025,8.98508
Wiggen,6192,LU,46.8914,7.91446
Wigoltingen,8556,TG,47.59835,9.03208
Wikon,4806,LU,47.26538,7.96437
Wil AG,5276,AG,47.56094,8.15228
Wil SG,9500,SG,47.46597,9.04813
Wil ZH,8196,ZH,47.60511,8.5059
Wila,8492,ZH,47.41812,8.84658
Wilchingen,8217,SH,47.67013,8.46655
Wildberg,8489,ZH,47.42628,8.81748
Wildegg,5103,AG,47.41472,8.16469
Wilderswil,3812,BE,46.66363,7.86381
Wildhaus,9658,SG,47.20179,9.34403
Wilen (Gottshaus),9225,TG,47.49217,9.28236
Wilen (Sarnen),6062,OW,46.87427,8.21075
Wilen b. Wil,9535,TG,47.45152,9.03462
Wiler (Lötschen),3918,VS,46.40833,7.78077
Wiler b. Seedorf,3266,BE,47.04824,7.3193
Wiler b. Utzenstorf,3428,BE,47.15198,7.55723
Wileroltigen,3207,BE,46.97083,7.2389
Wiliberg,5058,AG,47.2684,8.01597
Wilihof,6236,LU,47.2209,8.06328
Willerzell,8846,SZ,47.13086,8.79728
Willisau,6130,LU,47.1182,7.99147
Wimmis,3752,BE,46.67745,7.64107
Windisch,5210,AG,47.47713,8.21762
Windlach,8175,ZH,47.54213,8.46976
Winikon,6235,LU,47.23612,8.0474
Winkel,8185,ZH,47.48838,8.55718
Winterberg ZH,8312,ZH,47.45487,8.69477
Wintersingen,4451,BL,47.49493,7.82587
Winterthur,8400,ZH,47.49918,8.73719
Winznau,4652,SO,47.36486,7.9318
Wisen SO,4634,SO,47.39367,7.88513
Wislikofen,5463,AG,47.5562,8.36644
Wittenbach,9300,SG,47.46065,9.38672
Wittenwil,9547,TG,47.50269,8.92212
Witterswil,4108,SO,47.48627,7.52394
Wittinsburg,4443,BL,47.42461,7.84123
Wittnau,5064,AG,47.48079,7.97623
Wohlen AG,5610,AG,47.34987,8.27772
Wohlen b. Bern,3033,BE,46.97407,7.35771
Wohlenschwil,5512,AG,47.41401,8.25791
Wolfenschiessen,6386,NW,46.90723,8.39664
Wolfertswil,9116,SG,47.39467,9.1807
Wolfhalden,9427,AR,47.45317,9.55689
Wolfhausen,8633,ZH,47.25688,8.79857
Wolfwil,4628,SO,47.26868,7.79675
Wolhusen,6110,LU,47.06211,8.07368
Wollerau,8832,SZ,47.19537,8.7132
Worb,3076,BE,46.92931,7.56776
Worben,3252,BE,47.10185,7.29632
Worblaufen,3048,BE,46.97995,7.46275
Wuppenau,9514,TG,47.4962,9.10497
Wynau,4923,BE,47.25766,7.81686
Wynigen,3472,BE,47.10367,7.67383
Wyssachen,4954,BE,47.07703,7.8242
Wädenswil,8820,ZH,47.22616,8.66823
Wängi,9545,TG,47.49954,8.95754
Wölflinswil,5063,AG,47.46128,7.99803
Wünnewil,3184,FR,46.87238,7.27642
Würenlingen,5303,AG,47.53103,8.25428
Würenlos,5436,AG,47.44143,8.36266
Yens,1169,VD,46.52028,6.41935
Yverdon-les-Bains,1400,VD,46.77804,6.64049
Yvonand,1462,VD,46.79898,6.74355
Yvorne,1853,VD,46.33203,6.95703
Zeglingen,4495,BL,47.41702,7.90695
Zeihen,5079,AG,47.47509,8.08575
Zeiningen,4314,AG,47.54261,7.87227
Zell LU,6144,LU,47.13753,7.92814
Zell ZH,8487,ZH,47.44546,8.82112
Zeneggen,3934,VS,46.27223,7.86529
Zermatt,3920,VS,46.01876,7.74868
Zernez,7530,GR,46.69948,10.09338
Zetzwil,5732,AG,47.28718,8.15146
Ziefen,4417,BL,47.43151,7.70616
Ziegelbrücke,8866,GL,47.13372,9.06
Zignau,7167,GR,46.74024,9.00553
Zihlschlacht,8588,TG,47.52124,9.25733
Zillis,7432,GR,46.63761,9.44782
Zimmerwald,3086,BE,46.88004,7.47337
Zizers,7205,GR,46.93533,9.56563
Zofingen,4800,AG,47.28629,7.94628
Zollbrück,3436,BE,46.96917,7.75248
Zollikerberg,8125,ZH,47.34574,8.60035
Zollikofen,3052,BE,46.9968,7.45177
Zollikon,8702,ZH,47.34084,8.57505
Zuchwil,4528,SO,47.20565,7.55776
Zuckenriet,9526,SG,47.48504,9.1613
Zufikon,5621,AG,47.34979,8.35598
Zug,6300,ZG,47.17078,8.51728
Zullwil,4234,SO,47.39112,7.60095
Zumikon,8126,ZH,47.33161,8.62211
Zunzgen,4455,BL,47.45233,7.80563
Zuoz,7524,GR,46.60137,9.95836
Zuzgen,4315,AG,47.52569,7.89903
Zuzwil SG,9524,SG,47.47513,9.11018
Zweilütschinen,3815,BE,46.63145,7.9036
Zweisimmen,3770,BE,46.5582,7.37603
Zwillikon,8909,ZH,47.28835,8.43472
Zwingen,4222,BL,47.43721,7.532
Zwischenflüh,3756,BE,46.60836,7.51338
Zäziwil,3532,BE,46.89987,7.66125
Züberwangen,9523,SG,47.46568,9.0916
Zürich,8001,ZH,47.38027,8.53084
